Item,Date,Warehouse,Source,Old Stock,Sh Quantity,Different,Shipment Stock,Scrap,Ofd,Return,Delivered ,All Stock,Shipment Code,Ofd D,Branch Scrap,Closeed Scrap
Bashmala,1-May,Qatar ????,Egypt,0 ,18 ,0 ,18 ,0,15 ,2 ,13 ,5 ,2026-QTR-04-008,One,,
Watermelon,1-May,Qatar ????,Egypt,0 ,374 ,0 ,374 ,115,242 ,26 ,216 ,43 ,2026-QTR-04-008,One,,
Berries Omani,1-May,Qatar ????,Egypt,0 ,30 ,0 ,30 ,1,28 ,4 ,24 ,5 ,2026-QTR-04-008,One,,
Mango Timor Yemeni,1-May,Qatar ????,LM,0 ,33 ,4 ,37 ,0,29 ,2 ,27 ,10 ,2026-QTR-04-008,One,,
Guava Banati,1-May,Qatar ????,Egypt,0 ,55 ,0 ,55 ,0,54 ,8 ,46 ,9 ,2026-QTR-04-008,One,,
Golden Berry,1-May,Qatar ????,Egypt,0 ,20 ,0 ,20 ,0,19 ,1 ,18 ,2 ,2026-QTR-04-008,One,,
Peach Baladi,1-May,Qatar ????,Egypt,0 ,26 ,0 ,26 ,0,26 ,4 ,22 ,4 ,2026-QTR-04-008,One,,
Peach Sugary,1-May,Qatar ????,Egypt,0 ,49 ,0 ,49 ,0,49 ,3 ,46 ,3 ,2026-QTR-04-008,One,,
Graps White,1-May,Qatar ????,Egypt,0 ,16 ,0 ,16 ,0,16 ,3 ,13 ,3 ,2026-QTR-04-008,One,,
Graps red,1-May,Qatar ????,Egypt,0 ,10 ,0 ,10 ,0,10 ,2 ,8 ,2 ,2026-QTR-04-008,One,,
Cantaloupe,1-May,Qatar ????,Egypt,0 ,68 ,0 ,68 ,0,68 ,4 ,64 ,4 ,2026-QTR-04-008,One,,
Bashmala,2-May,Qatar ????,Egypt,5 ,0 ,0 ,0 ,0,5 ,0 ,5 ,0 ,2026-QTR-04-008,Two,,
Watermelon,2-May,Qatar ????,Egypt,43 ,0 ,0 ,0 ,4,29 ,2 ,27 ,12 ,2026-QTR-04-008,Two,,
Berries Omani,2-May,Qatar ????,Egypt,5 ,0 ,0 ,0 ,0,5 ,0 ,5 ,0 ,2026-QTR-04-008,Two,,
Mango Timor Yemeni,2-May,Qatar ????,LM,10 ,0 ,0 ,0 ,1,4 ,0 ,4 ,5 ,2026-QTR-04-008,Two,,
Guava Banati,2-May,Qatar ????,Egypt,9 ,0 ,0 ,0 ,0,8 ,0 ,8 ,1 ,2026-QTR-04-008,Two,,
Golden Berry,2-May,Qatar ????,Egypt,2 ,0 ,0 ,0 ,0,2 ,0 ,2 ,0 ,2026-QTR-04-008,Two,,
Peach Baladi,2-May,Qatar ????,Egypt,4 ,0 ,0 ,0 ,0,4 ,0 ,4 ,0 ,2026-QTR-04-008,Two,,
Peach Sugary,2-May,Qatar ????,Egypt,3 ,0 ,0 ,0 ,0,3 ,0 ,3 ,0 ,2026-QTR-04-008,Two,,
Graps White,2-May,Qatar ????,Egypt,3 ,0 ,0 ,0 ,0,3 ,0 ,3 ,0 ,2026-QTR-04-008,Two,,
Graps red,2-May,Qatar ????,Egypt,2 ,0 ,0 ,0 ,0,2 ,0 ,2 ,0 ,2026-QTR-04-008,Two,,
Cantaloupe,2-May,Qatar ????,Egypt,4 ,0 ,0 ,0 ,0,4 ,0 ,4 ,0 ,2026-QTR-04-008,Two,,
Bashmala,3-May,Qatar ????,Egypt,0 ,0 ,0 ,0 ,0,0 ,0 ,0 ,0 ,2026-QTR-04-008,Three,,
Watermelon,3-May,Qatar ????,Egypt,12 ,0 ,0 ,0 ,0,7 ,0 ,7 ,5 ,2026-QTR-04-008,Three,,
Berries Omani,3-May,Qatar ????,Egypt,0 ,0 ,0 ,0 ,0,0 ,0 ,0 ,0 ,2026-QTR-04-008,Three,,
Mango Timor Yemeni,3-May,Qatar ????,LM,5 ,0 ,0 ,0 ,0,2 ,0 ,2 ,3 ,2026-QTR-04-008,Three,,
Guava Banati,3-May,Qatar ????,Egypt,1 ,0 ,0 ,0 ,0,1 ,0 ,1 ,0 ,2026-QTR-04-008,Three,,
Golden Berry,3-May,Qatar ????,Egypt,0 ,0 ,0 ,0 ,0,0 ,0 ,0 ,0 ,2026-QTR-04-008,Three,,
Peach Baladi,3-May,Qatar ????,Egypt,0 ,0 ,0 ,0 ,0,0 ,0 ,0 ,0 ,2026-QTR-04-008,Three,,
Peach Sugary,3-May,Qatar ????,Egypt,0 ,0 ,0 ,0 ,0,0 ,0 ,0 ,0 ,2026-QTR-04-008,Three,,
Graps White,3-May,Qatar ????,Egypt,0 ,0 ,0 ,0 ,0,0 ,0 ,0 ,0 ,2026-QTR-04-008,Three,,
Graps red,3-May,Qatar ????,Egypt,0 ,0 ,0 ,0 ,0,0 ,0 ,0 ,0 ,2026-QTR-04-008,Three,,
Cantaloupe,3-May,Qatar ????,Egypt,0 ,0 ,0 ,0 ,0,0 ,0 ,0 ,0 ,2026-QTR-04-008,Three,,
Bashmala,4-May,Qatar ????,Egypt,0 ,0 ,0 ,0 ,0,0 ,0 ,0 ,0 ,2026-QTR-04-008,Four,,
Watermelon,4-May,Qatar ????,Egypt,5 ,0 ,0 ,0 ,0,5 ,0 ,5 ,0 ,2026-QTR-04-008,Four,,
Berries Omani,4-May,Qatar ????,Egypt,0 ,0 ,0 ,0 ,0,0 ,0 ,0 ,0 ,2026-QTR-04-008,Four,,
Mango Timor Yemeni,4-May,Qatar ????,LM,3 ,0 ,0 ,0 ,0,0 ,0 ,0 ,3 ,2026-QTR-04-008,Four,,
Guava Banati,4-May,Qatar ????,Egypt,0 ,0 ,0 ,0 ,0,0 ,0 ,0 ,0 ,2026-QTR-04-008,Four,,
Golden Berry,4-May,Qatar ????,Egypt,0 ,0 ,0 ,0 ,0,0 ,0 ,0 ,0 ,2026-QTR-04-008,Four,,
Peach Baladi,4-May,Qatar ????,Egypt,0 ,0 ,0 ,0 ,0,0 ,0 ,0 ,0 ,2026-QTR-04-008,Four,,
Peach Sugary,4-May,Qatar ????,Egypt,0 ,0 ,0 ,0 ,0,0 ,0 ,0 ,0 ,2026-QTR-04-008,Four,,
Graps White,4-May,Qatar ????,Egypt,0 ,0 ,0 ,0 ,0,0 ,0 ,0 ,0 ,2026-QTR-04-008,Four,,
Graps red,4-May,Qatar ????,Egypt,0 ,0 ,0 ,0 ,0,0 ,0 ,0 ,0 ,2026-QTR-04-008,Four,,
Cantaloupe,4-May,Qatar ????,Egypt,0 ,0 ,0 ,0 ,0,0 ,0 ,0 ,0 ,2026-QTR-04-008,Four,,
Bashmala,5-May,Qatar ????,Egypt,0 ,0 ,0 ,0 ,0,,,0 ,0 ,2026-QTR-04-008,Five,,
Watermelon,5-May,Qatar ????,Egypt,0 ,0 ,0 ,0 ,0,,,0 ,0 ,2026-QTR-04-008,Five,,
Berries Omani,5-May,Qatar ????,Egypt,0 ,0 ,0 ,0 ,0,,,0 ,0 ,2026-QTR-04-008,Five,,
Mango Timor Yemeni,5-May,Qatar ????,LM,3 ,0 ,0 ,0 ,3,,,0 ,0 ,2026-QTR-04-008,Five,,
Guava Banati,5-May,Qatar ????,Egypt,0 ,0 ,0 ,0 ,0,,,0 ,0 ,2026-QTR-04-008,Five,,
Golden Berry,5-May,Qatar ????,Egypt,0 ,0 ,0 ,0 ,0,,,0 ,0 ,2026-QTR-04-008,Five,,
Peach Baladi,5-May,Qatar ????,Egypt,0 ,0 ,0 ,0 ,0,,,0 ,0 ,2026-QTR-04-008,Five,,
Peach Sugary,5-May,Qatar ????,Egypt,0 ,0 ,0 ,0 ,0,,,0 ,0 ,2026-QTR-04-008,Five,,
Graps White,5-May,Qatar ????,Egypt,0 ,0 ,0 ,0 ,0,,,0 ,0 ,2026-QTR-04-008,Five,,
Graps red,5-May,Qatar ????,Egypt,0 ,0 ,0 ,0 ,0,,,0 ,0 ,2026-QTR-04-008,Five,,
Cantaloupe,5-May,Qatar ????,Egypt,0 ,0 ,0 ,0 ,0,,,0 ,0 ,2026-QTR-04-008,Five,,
Bashmala,21-May,Qatar ????,Egypt,0 ,18 ,0 ,18 ,1,17 ,1 ,16 ,1 ,2026-QTR-05-009,One,,
Watermelon,21-May,Qatar ????,Egypt,0 ,900 ,(5),895 ,11,372 ,38 ,334 ,550 ,2026-QTR-05-009,One,,
Berries Omani,21-May,Qatar ????,Egypt,0 ,71 ,0 ,71 ,18,53 ,9 ,44 ,9 ,2026-QTR-05-009,One,,
Mango Timor Yemeni,21-May,Qatar ????,LM,0 ,34 ,0 ,34 ,3,29 ,1 ,28 ,3 ,2026-QTR-05-009,One,,
Guava Banati,21-May,Qatar ????,Egypt,0 ,68 ,0 ,68 ,1,59 ,9 ,50 ,17 ,2026-QTR-05-009,One,,
Golden Berry,21-May,Qatar ????,Egypt,0 ,27 ,0 ,27 ,0,25 ,4 ,21 ,6 ,2026-QTR-05-009,One,,
Peach Baladi,21-May,Qatar ????,Egypt,0 ,34 ,(1),33 ,0,32 ,2 ,30 ,3 ,2026-QTR-05-009,One,,
Peach Sugary,21-May,Qatar ????,Egypt,0 ,63 ,(1),62 ,0,53 ,3 ,50 ,12 ,2026-QTR-05-009,One,,
Graps White,21-May,Qatar ????,Egypt,0 ,23 ,(1),22 ,0,22 ,1 ,21 ,1 ,2026-QTR-05-009,One,,
Graps red,21-May,Qatar ????,Egypt,0 ,21 ,0 ,21 ,0,19 ,1 ,18 ,3 ,2026-QTR-05-009,One,,
Cantaloupe,21-May,Qatar ????,Egypt,0 ,81 ,(1),80 ,1,79 ,5 ,74 ,5 ,2026-QTR-05-009,One,,
Apricot Amar,21-May,Qatar ????,Egypt,0 ,49 ,(1),48 ,0,47 ,3 ,44 ,4 ,2026-QTR-05-009,One,,
Bashmala,23-May,Qatar ????,Egypt,1 ,0 ,0 ,0 ,0,1 ,0 ,1 ,0 ,2026-QTR-05-009,Two,,
Watermelon,23-May,Qatar ????,Egypt,550 ,0 ,0 ,0 ,1,36 ,0 ,36 ,513 ,2026-QTR-05-009,Two,,
Berries Omani,23-May,Qatar ????,Egypt,9 ,0 ,0 ,0 ,8,1 ,0 ,1 ,0 ,2026-QTR-05-009,Two,,
Mango Timor Yemeni,23-May,Qatar ????,LM,3 ,0 ,0 ,0 ,1,1 ,1 ,0 ,2 ,2026-QTR-05-009,Two,,
Guava Banati,23-May,Qatar ????,Egypt,17 ,0 ,0 ,0 ,0,3 ,0 ,3 ,14 ,2026-QTR-05-009,Two,,
Golden Berry,23-May,Qatar ????,Egypt,6 ,0 ,0 ,0 ,0,3 ,0 ,3 ,3 ,2026-QTR-05-009,Two,,
Peach Baladi,23-May,Qatar ????,Egypt,3 ,0 ,0 ,0 ,0,3 ,1 ,2 ,1 ,2026-QTR-05-009,Two,,
Peach Sugary,23-May,Qatar ????,Egypt,12 ,0 ,0 ,0 ,0,11 ,1 ,10 ,2 ,2026-QTR-05-009,Two,,
Graps White,23-May,Qatar ????,Egypt,1 ,0 ,0 ,0 ,0,1 ,1 ,0 ,1 ,2026-QTR-05-009,Two,,
Graps red,23-May,Qatar ????,Egypt,3 ,0 ,0 ,0 ,0,3 ,1 ,2 ,1 ,2026-QTR-05-009,Two,,
Cantaloupe,23-May,Qatar ????,Egypt,5 ,0 ,0 ,0 ,0,5 ,0 ,5 ,0 ,2026-QTR-05-009,Two,,
Apricot Amar,23-May,Qatar ????,Egypt,4 ,0 ,0 ,0 ,0,4 ,2 ,2 ,2 ,2026-QTR-05-009,Two,,
Bashmala,24-May,Qatar ????,Egypt,0 ,0 ,0 ,0 ,0,0 ,0 ,0 ,0 ,2026-QTR-05-009,Three,,
Watermelon,24-May,Qatar ????,Egypt,513 ,0 ,0 ,0 ,2,27 ,1 ,26 ,485 ,2026-QTR-05-009,Three,,
Berries Omani,24-May,Qatar ????,Egypt,0 ,0 ,0 ,0 ,0,0 ,0 ,0 ,0 ,2026-QTR-05-009,Three,,
Mango Timor Yemeni,24-May,Qatar ????,LM,2 ,0 ,0 ,0 ,1,2 ,1 ,1 ,0 ,2026-QTR-05-009,Three,,
Guava Banati,24-May,Qatar ????,Egypt,14 ,0 ,0 ,0 ,0,2 ,0 ,2 ,12 ,2026-QTR-05-009,Three,,
Golden Berry,24-May,Qatar ????,Egypt,3 ,0 ,0 ,0 ,0,1 ,0 ,1 ,2 ,2026-QTR-05-009,Three,,
Peach Baladi,24-May,Qatar ????,Egypt,1 ,0 ,0 ,0 ,0,1 ,0 ,1 ,0 ,2026-QTR-05-009,Three,,
Peach Sugary,24-May,Qatar ????,Egypt,2 ,0 ,0 ,0 ,0,2 ,1 ,1 ,1 ,2026-QTR-05-009,Three,,
Graps White,24-May,Qatar ????,Egypt,1 ,0 ,0 ,0 ,0,1 ,0 ,1 ,0 ,2026-QTR-05-009,Three,,
Graps red,24-May,Qatar ????,Egypt,1 ,0 ,0 ,0 ,0,1 ,0 ,1 ,0 ,2026-QTR-05-009,Three,,
Cantaloupe,24-May,Qatar ????,Egypt,0 ,0 ,0 ,0 ,0,0 ,0 ,0 ,0 ,2026-QTR-05-009,Three,,
Apricot Amar,24-May,Qatar ????,Egypt,2 ,0 ,0 ,0 ,0,2 ,0 ,2 ,0 ,2026-QTR-05-009,Three,,
Bashmala,25-May,Qatar ????,Egypt,0 ,0 ,0 ,0 ,0,0 ,0 ,0 ,0 ,2026-QTR-05-009,Four,,
Watermelon,25-May,Qatar ????,Egypt,485 ,0 ,0 ,0 ,1,15 ,2 ,13 ,471 ,2026-QTR-05-009,Four,,
Berries Omani,25-May,Qatar ????,Egypt,0 ,0 ,0 ,0 ,0,0 ,0 ,0 ,0 ,2026-QTR-05-009,Four,,
Mango Timor Yemeni,25-May,Qatar ????,LM,0 ,0 ,0 ,0 ,0,0 ,0 ,0 ,0 ,2026-QTR-05-009,Four,,
Guava Banati,25-May,Qatar ????,Egypt,12 ,0 ,0 ,0 ,0,2 ,0 ,2 ,10 ,2026-QTR-05-009,Four,,
Golden Berry,25-May,Qatar ????,Egypt,2 ,0 ,0 ,0 ,0,1 ,0 ,1 ,1 ,2026-QTR-05-009,Four,,
Peach Baladi,25-May,Qatar ????,Egypt,0 ,0 ,0 ,0 ,0,0 ,0 ,0 ,0 ,2026-QTR-05-009,Four,,
Peach Sugary,25-May,Qatar ????,Egypt,1 ,0 ,0 ,0 ,0,1 ,0 ,1 ,0 ,2026-QTR-05-009,Four,,
Graps White,25-May,Qatar ????,Egypt,0 ,0 ,0 ,0 ,0,0 ,0 ,0 ,0 ,2026-QTR-05-009,Four,,
Graps red,25-May,Qatar ????,Egypt,0 ,0 ,0 ,0 ,0,0 ,0 ,0 ,0 ,2026-QTR-05-009,Four,,
Cantaloupe,25-May,Qatar ????,Egypt,0 ,0 ,0 ,0 ,0,0 ,0 ,0 ,0 ,2026-QTR-05-009,Four,,
Apricot Amar,25-May,Qatar ????,Egypt,0 ,0 ,0 ,0 ,0,0 ,0 ,0 ,0 ,2026-QTR-05-009,Four,,
Bashmala,26-May,Qatar ????,Egypt,0 ,0 ,0 ,0 ,0,0 ,0 ,0 ,0 ,2026-QTR-05-009,Five,,
Watermelon,26-May,Qatar ????,Egypt,471 ,0 ,0 ,0 ,0,7 ,0 ,7 ,464 ,2026-QTR-05-009,Five,,
Berries Omani,26-May,Qatar ????,Egypt,0 ,0 ,0 ,0 ,0,0 ,0 ,0 ,0 ,2026-QTR-05-009,Five,,
Mango Timor Yemeni,26-May,Qatar ????,LM,0 ,0 ,0 ,0 ,0,0 ,0 ,0 ,0 ,2026-QTR-05-009,Five,,
Guava Banati,26-May,Qatar ????,Egypt,10 ,0 ,0 ,0 ,1,1 ,0 ,1 ,8 ,2026-QTR-05-009,Five,,
Golden Berry,26-May,Qatar ????,Egypt,1 ,0 ,0 ,0 ,0,0 ,0 ,0 ,1 ,2026-QTR-05-009,Five,,
Peach Baladi,26-May,Qatar ????,Egypt,0 ,0 ,0 ,0 ,0,0 ,0 ,0 ,0 ,2026-QTR-05-009,Five,,
Peach Sugary,26-May,Qatar ????,Egypt,0 ,0 ,0 ,0 ,0,0 ,0 ,0 ,0 ,2026-QTR-05-009,Five,,
Graps White,26-May,Qatar ????,Egypt,0 ,0 ,0 ,0 ,0,0 ,0 ,0 ,0 ,2026-QTR-05-009,Five,,
Graps red,26-May,Qatar ????,Egypt,0 ,0 ,0 ,0 ,0,0 ,0 ,0 ,0 ,2026-QTR-05-009,Five,,
Cantaloupe,26-May,Qatar ????,Egypt,0 ,0 ,0 ,0 ,0,0 ,0 ,0 ,0 ,2026-QTR-05-009,Five,,
Apricot Amar,26-May,Qatar ????,Egypt,0 ,0 ,0 ,0 ,0,0 ,0 ,0 ,0 ,2026-QTR-05-009,Five,,
Bashmala,30-May,Qatar ????,Egypt,0 ,0 ,0 ,0 ,0,0 ,0 ,0 ,0 ,2026-QTR-05-009,Six,,
Watermelon,30-May,Qatar ????,Egypt,464 ,0 ,0 ,0 ,0,16 ,0 ,16 ,448 ,2026-QTR-05-009,Six,,
Berries Omani,30-May,Qatar ????,Egypt,0 ,0 ,0 ,0 ,0,0 ,0 ,0 ,0 ,2026-QTR-05-009,Six,,
Mango Timor Yemeni,30-May,Qatar ????,LM,0 ,0 ,0 ,0 ,0,0 ,0 ,0 ,0 ,2026-QTR-05-009,Six,,
Guava Banati,30-May,Qatar ????,Egypt,8 ,0 ,0 ,0 ,6,2 ,0 ,2 ,0 ,2026-QTR-05-009,Six,,
Golden Berry,30-May,Qatar ????,Egypt,1 ,0 ,0 ,0 ,1,0 ,0 ,0 ,0 ,2026-QTR-05-009,Six,,
Peach Baladi,30-May,Qatar ????,Egypt,0 ,0 ,0 ,0 ,0,0 ,0 ,0 ,0 ,2026-QTR-05-009,Six,,
Peach Sugary,30-May,Qatar ????,Egypt,0 ,0 ,0 ,0 ,0,0 ,0 ,0 ,0 ,2026-QTR-05-009,Six,,
Graps White,30-May,Qatar ????,Egypt,0 ,0 ,0 ,0 ,0,0 ,0 ,0 ,0 ,2026-QTR-05-009,Six,,
Graps red,30-May,Qatar ????,Egypt,0 ,0 ,0 ,0 ,0,0 ,0 ,0 ,0 ,2026-QTR-05-009,Six,,
Cantaloupe,30-May,Qatar ????,Egypt,0 ,0 ,0 ,0 ,0,0 ,0 ,0 ,0 ,2026-QTR-05-009,Six,,
Apricot Amar,30-May,Qatar ????,Egypt,0 ,0 ,0 ,0 ,0,0 ,0 ,0 ,0 ,2026-QTR-05-009,Six,,
Bashmala,31-May,Qatar ????,Egypt,0 ,0 ,0 ,0 ,0,0 ,0 ,0 ,0 ,2026-QTR-05-009,Seven,,
Watermelon,31-May,Qatar ????,Egypt,448 ,0 ,0 ,0 ,2,12 ,0 ,12 ,434 ,2026-QTR-05-009,Seven,,
Berries Omani,31-May,Qatar ????,Egypt,0 ,0 ,0 ,0 ,0,0 ,0 ,0 ,0 ,2026-QTR-05-009,Seven,,
Mango Timor Yemeni,31-May,Qatar ????,LM,0 ,0 ,0 ,0 ,0,0 ,0 ,0 ,0 ,2026-QTR-05-009,Seven,,
Guava Banati,31-May,Qatar ????,Egypt,0 ,0 ,0 ,0 ,0,0 ,0 ,0 ,0 ,2026-QTR-05-009,Seven,,
Golden Berry,31-May,Qatar ????,Egypt,0 ,0 ,0 ,0 ,0,0 ,0 ,0 ,0 ,2026-QTR-05-009,Seven,,
Peach Baladi,31-May,Qatar ????,Egypt,0 ,0 ,0 ,0 ,0,0 ,0 ,0 ,0 ,2026-QTR-05-009,Seven,,
Peach Sugary,31-May,Qatar ????,Egypt,0 ,0 ,0 ,0 ,0,0 ,0 ,0 ,0 ,2026-QTR-05-009,Seven,,
Graps White,31-May,Qatar ????,Egypt,0 ,0 ,0 ,0 ,0,0 ,0 ,0 ,0 ,2026-QTR-05-009,Seven,,
Graps red,31-May,Qatar ????,Egypt,0 ,0 ,0 ,0 ,0,0 ,0 ,0 ,0 ,2026-QTR-05-009,Seven,,
Cantaloupe,31-May,Qatar ????,Egypt,0 ,0 ,0 ,0 ,0,0 ,0 ,0 ,0 ,2026-QTR-05-009,Seven,,
Apricot Amar,31-May,Qatar ????,Egypt,0 ,0 ,0 ,0 ,0,0 ,0 ,0 ,0 ,2026-QTR-05-009,Seven,,
Bashmala,1-Jun,Qatar ????,Egypt,0 ,0 ,0 ,0 ,0,0 ,0 ,0 ,0 ,2026-QTR-05-009,Eight,,
Watermelon,1-Jun,Qatar ????,Egypt,434 ,0 ,0 ,0 ,1,8 ,0 ,8 ,425 ,2026-QTR-05-009,Eight,,
Berries Omani,1-Jun,Qatar ????,Egypt,0 ,0 ,0 ,0 ,0,0 ,0 ,0 ,0 ,2026-QTR-05-009,Eight,,
Mango Timor Yemeni,1-Jun,Qatar ????,LM,0 ,0 ,0 ,0 ,0,0 ,0 ,0 ,0 ,2026-QTR-05-009,Eight,,
Guava Banati,1-Jun,Qatar ????,Egypt,0 ,0 ,0 ,0 ,0,0 ,0 ,0 ,0 ,2026-QTR-05-009,Eight,,
Golden Berry,1-Jun,Qatar ????,Egypt,0 ,0 ,0 ,0 ,0,0 ,0 ,0 ,0 ,2026-QTR-05-009,Eight,,
Peach Baladi,1-Jun,Qatar ????,Egypt,0 ,0 ,0 ,0 ,0,0 ,0 ,0 ,0 ,2026-QTR-05-009,Eight,,
Peach Sugary,1-Jun,Qatar ????,Egypt,0 ,0 ,0 ,0 ,0,0 ,0 ,0 ,0 ,2026-QTR-05-009,Eight,,
Graps White,1-Jun,Qatar ????,Egypt,0 ,0 ,0 ,0 ,0,0 ,0 ,0 ,0 ,2026-QTR-05-009,Eight,,
Graps red,1-Jun,Qatar ????,Egypt,0 ,0 ,0 ,0 ,0,0 ,0 ,0 ,0 ,2026-QTR-05-009,Eight,,
Cantaloupe,1-Jun,Qatar ????,Egypt,0 ,0 ,0 ,0 ,0,0 ,0 ,0 ,0 ,2026-QTR-05-009,Eight,,
Apricot Amar,1-Jun,Qatar ????,Egypt,0 ,0 ,0 ,0 ,0,0 ,0 ,0 ,0 ,2026-QTR-05-009,Eight,,
Bashmala,2-Jun,Qatar ????,Egypt,0 ,0 ,0 ,0 ,0,0 ,0 ,0 ,0 ,2026-QTR-05-009,Nine,,
Watermelon,2-Jun,Qatar ????,Egypt,425 ,0 ,0 ,0 ,0,10 ,0 ,10 ,415 ,2026-QTR-05-009,Nine,,
Berries Omani,2-Jun,Qatar ????,Egypt,0 ,0 ,0 ,0 ,0,0 ,0 ,0 ,0 ,2026-QTR-05-009,Nine,,
Mango Timor Yemeni,2-Jun,Qatar ????,LM,0 ,0 ,0 ,0 ,0,0 ,0 ,0 ,0 ,2026-QTR-05-009,Nine,,
Guava Banati,2-Jun,Qatar ????,Egypt,0 ,0 ,0 ,0 ,0,0 ,0 ,0 ,0 ,2026-QTR-05-009,Nine,,
Golden Berry,2-Jun,Qatar ????,Egypt,0 ,0 ,0 ,0 ,0,0 ,0 ,0 ,0 ,2026-QTR-05-009,Nine,,
Peach Baladi,2-Jun,Qatar ????,Egypt,0 ,0 ,0 ,0 ,0,0 ,0 ,0 ,0 ,2026-QTR-05-009,Nine,,
Peach Sugary,2-Jun,Qatar ????,Egypt,0 ,0 ,0 ,0 ,0,0 ,0 ,0 ,0 ,2026-QTR-05-009,Nine,,
Graps White,2-Jun,Qatar ????,Egypt,0 ,0 ,0 ,0 ,0,0 ,0 ,0 ,0 ,2026-QTR-05-009,Nine,,
Graps red,2-Jun,Qatar ????,Egypt,0 ,0 ,0 ,0 ,0,0 ,0 ,0 ,0 ,2026-QTR-05-009,Nine,,
Cantaloupe,2-Jun,Qatar ????,Egypt,0 ,0 ,0 ,0 ,0,0 ,0 ,0 ,0 ,2026-QTR-05-009,Nine,,
Apricot Amar,2-Jun,Qatar ????,Egypt,0 ,0 ,0 ,0 ,0,0 ,0 ,0 ,0 ,2026-QTR-05-009,Nine,,
Bashmala,3-Jun,Qatar ????,Egypt,0 ,0 ,0 ,0 ,0,0 ,0 ,0 ,0 ,2026-QTR-05-009,Ten,,
Watermelon,3-Jun,Qatar ????,Egypt,415 ,0 ,0 ,0 ,2,12 ,0 ,12 ,401 ,2026-QTR-05-009,Ten,,
Berries Omani,3-Jun,Qatar ????,Egypt,0 ,0 ,0 ,0 ,0,0 ,0 ,0 ,0 ,2026-QTR-05-009,Ten,,
Mango Timor Yemeni,3-Jun,Qatar ????,LM,0 ,0 ,0 ,0 ,0,0 ,0 ,0 ,0 ,2026-QTR-05-009,Ten,,
Guava Banati,3-Jun,Qatar ????,Egypt,0 ,0 ,0 ,0 ,0,0 ,0 ,0 ,0 ,2026-QTR-05-009,Ten,,
Golden Berry,3-Jun,Qatar ????,Egypt,0 ,0 ,0 ,0 ,0,0 ,0 ,0 ,0 ,2026-QTR-05-009,Ten,,
Peach Baladi,3-Jun,Qatar ????,Egypt,0 ,0 ,0 ,0 ,0,0 ,0 ,0 ,0 ,2026-QTR-05-009,Ten,,
Peach Sugary,3-Jun,Qatar ????,Egypt,0 ,0 ,0 ,0 ,0,0 ,0 ,0 ,0 ,2026-QTR-05-009,Ten,,
Graps White,3-Jun,Qatar ????,Egypt,0 ,0 ,0 ,0 ,0,0 ,0 ,0 ,0 ,2026-QTR-05-009,Ten,,
Graps red,3-Jun,Qatar ????,Egypt,0 ,0 ,0 ,0 ,0,0 ,0 ,0 ,0 ,2026-QTR-05-009,Ten,,
Cantaloupe,3-Jun,Qatar ????,Egypt,0 ,0 ,0 ,0 ,0,0 ,0 ,0 ,0 ,2026-QTR-05-009,Ten,,
Apricot Amar,3-Jun,Qatar ????,Egypt,0 ,0 ,0 ,0 ,0,0 ,0 ,0 ,0 ,2026-QTR-05-009,Ten,,
Bashmala,4-Jun,Qatar ????,Egypt,0 ,0 ,0 ,0 ,0,0 ,0 ,0 ,0 ,2026-QTR-05-009,Eleven,,
Watermelon,4-Jun,Qatar ????,Egypt,401 ,0 ,0 ,0 ,0,13 ,0 ,13 ,388 ,2026-QTR-05-009,Eleven,,
Berries Omani,4-Jun,Qatar ????,Egypt,0 ,0 ,0 ,0 ,0,0 ,0 ,0 ,0 ,2026-QTR-05-009,Eleven,,
Mango Timor Yemeni,4-Jun,Qatar ????,LM,0 ,0 ,0 ,0 ,0,0 ,0 ,0 ,0 ,2026-QTR-05-009,Eleven,,
Guava Banati,4-Jun,Qatar ????,Egypt,0 ,0 ,0 ,0 ,0,0 ,0 ,0 ,0 ,2026-QTR-05-009,Eleven,,
Golden Berry,4-Jun,Qatar ????,Egypt,0 ,0 ,0 ,0 ,0,0 ,0 ,0 ,0 ,2026-QTR-05-009,Eleven,,
Peach Baladi,4-Jun,Qatar ????,Egypt,0 ,0 ,0 ,0 ,0,0 ,0 ,0 ,0 ,2026-QTR-05-009,Eleven,,
Peach Sugary,4-Jun,Qatar ????,Egypt,0 ,0 ,0 ,0 ,0,0 ,0 ,0 ,0 ,2026-QTR-05-009,Eleven,,
Graps White,4-Jun,Qatar ????,Egypt,0 ,0 ,0 ,0 ,0,0 ,0 ,0 ,0 ,2026-QTR-05-009,Eleven,,
Graps red,4-Jun,Qatar ????,Egypt,0 ,0 ,0 ,0 ,0,0 ,0 ,0 ,0 ,2026-QTR-05-009,Eleven,,
Cantaloupe,4-Jun,Qatar ????,Egypt,0 ,0 ,0 ,0 ,0,0 ,0 ,0 ,0 ,2026-QTR-05-009,Eleven,,
Apricot Amar,4-Jun,Qatar ????,Egypt,0 ,0 ,0 ,0 ,0,0 ,0 ,0 ,0 ,2026-QTR-05-009,Eleven,,
Plum Hollywood,6-Jun,Qatar ????,Egypt,0 ,27 ,0 ,27 ,0,24 ,6 ,18 ,9 ,2026-QTR-05-010,One,,
Watermelon,6-Jun,Qatar ????,Egypt,388 ,0 ,0 ,0 ,100,152 ,26 ,126 ,162 ,2026-QTR-05-010,One,,
Peach Baladi,6-Jun,Qatar ????,Egypt,0 ,26 ,(1),25 ,0,25 ,4 ,21 ,4 ,2026-QTR-05-010,One,,
Peach Sugary,6-Jun,Qatar ????,Egypt,0 ,65 ,0 ,65 ,0,58 ,8 ,50 ,15 ,2026-QTR-05-010,One,,
Graps White,6-Jun,Qatar ????,Egypt,0 ,29 ,0 ,29 ,0,27 ,3 ,24 ,5 ,2026-QTR-05-010,One,,
Graps red,6-Jun,Qatar ????,Egypt,0 ,37 ,0 ,37 ,0,37 ,7 ,30 ,7 ,2026-QTR-05-010,One,,
Cantaloupe,6-Jun,Qatar ????,Egypt,0 ,67 ,0 ,67 ,1,64 ,10 ,54 ,12 ,2026-QTR-05-010,One,,
Apricot Amar,6-Jun,Qatar ????,Egypt,0 ,72 ,0 ,72 ,0,62 ,11 ,51 ,21 ,2026-QTR-05-010,One,,
Plum Hollywood,7-Jun,Qatar ????,Egypt,9 ,0 ,0 ,0 ,0,9 ,0 ,9 ,0 ,2026-QTR-05-010,Two,,
Watermelon,7-Jun,Qatar ????,Egypt,162 ,0 ,0 ,0 ,5,55 ,3 ,52 ,105 ,2026-QTR-05-010,Two,,
Peach Baladi,7-Jun,Qatar ????,Egypt,4 ,0 ,0 ,0 ,0,4 ,0 ,4 ,0 ,2026-QTR-05-010,Two,,
Peach Sugary,7-Jun,Qatar ????,Egypt,15 ,0 ,0 ,0 ,0,11 ,1 ,10 ,5 ,2026-QTR-05-010,Two,,
Graps White,7-Jun,Qatar ????,Egypt,5 ,0 ,0 ,0 ,0,5 ,0 ,5 ,0 ,2026-QTR-05-010,Two,,
Graps red,7-Jun,Qatar ????,Egypt,7 ,0 ,0 ,0 ,0,6 ,0 ,6 ,1 ,2026-QTR-05-010,Two,,
Cantaloupe,7-Jun,Qatar ????,Egypt,12 ,0 ,0 ,0 ,0,12 ,1 ,11 ,1 ,2026-QTR-05-010,Two,,
Apricot Amar,7-Jun,Qatar ????,Egypt,21 ,0 ,0 ,0 ,1,10 ,1 ,9 ,11 ,2026-QTR-05-010,Two,,
Plum Hollywood,8-Jun,Qatar ????,Egypt,0 ,0 ,0 ,0 ,0,0 ,0 ,0 ,0 ,2026-QTR-05-010,Three,,
Watermelon,8-Jun,Qatar ????,Egypt,105 ,0 ,0 ,0 ,0,6 ,0 ,6 ,99 ,2026-QTR-05-010,Three,,
Peach Baladi,8-Jun,Qatar ????,Egypt,0 ,0 ,0 ,0 ,0,0 ,0 ,0 ,0 ,2026-QTR-05-010,Three,,
Peach Sugary,8-Jun,Qatar ????,Egypt,5 ,0 ,0 ,0 ,1,2 ,0 ,2 ,2 ,2026-QTR-05-010,Three,,
Graps White,8-Jun,Qatar ????,Egypt,0 ,0 ,0 ,0 ,0,0 ,0 ,0 ,0 ,2026-QTR-05-010,Three,,
Graps red,8-Jun,Qatar ????,Egypt,1 ,0 ,0 ,0 ,0,1 ,0 ,1 ,0 ,2026-QTR-05-010,Three,,
Cantaloupe,8-Jun,Qatar ????,Egypt,1 ,0 ,0 ,0 ,0,1 ,0 ,1 ,0 ,2026-QTR-05-010,Three,,
Apricot Amar,8-Jun,Qatar ????,Egypt,11 ,0 ,0 ,0 ,0,1 ,0 ,1 ,10 ,2026-QTR-05-010,Three,,
Plum Hollywood,9-Jun,Qatar ????,Egypt,0 ,0 ,0 ,0 ,0,0 ,0 ,0 ,0 ,2026-QTR-05-010,Four,,
Watermelon,9-Jun,Qatar ????,Egypt,99 ,0 ,0 ,0 ,0,4 ,0 ,4 ,95 ,2026-QTR-05-010,Four,,
Peach Baladi,9-Jun,Qatar ????,Egypt,0 ,0 ,0 ,0 ,0,0 ,0 ,0 ,0 ,2026-QTR-05-010,Four,,
Peach Sugary,9-Jun,Qatar ????,Egypt,2 ,0 ,0 ,0 ,0,2 ,0 ,2 ,0 ,2026-QTR-05-010,Four,,
Graps White,9-Jun,Qatar ????,Egypt,0 ,0 ,0 ,0 ,0,0 ,0 ,0 ,0 ,2026-QTR-05-010,Four,,
Graps red,9-Jun,Qatar ????,Egypt,0 ,0 ,0 ,0 ,0,0 ,0 ,0 ,0 ,2026-QTR-05-010,Four,,
Cantaloupe,9-Jun,Qatar ????,Egypt,0 ,0 ,0 ,0 ,0,0 ,0 ,0 ,0 ,2026-QTR-05-010,Four,,
Apricot Amar,9-Jun,Qatar ????,Egypt,10 ,0 ,0 ,0 ,1,1 ,0 ,1 ,8 ,2026-QTR-05-010,Four,,
Plum Hollywood,10-Jun,Qatar ????,Egypt,0 ,0 ,0 ,0 ,0,0 ,0 ,0 ,0 ,2026-QTR-05-010,Five,,
Watermelon,10-Jun,Qatar ????,Egypt,95 ,0 ,0 ,0 ,0,8 ,0 ,8 ,87 ,2026-QTR-05-010,Five,,
Peach Baladi,10-Jun,Qatar ????,Egypt,0 ,0 ,0 ,0 ,0,0 ,0 ,0 ,0 ,2026-QTR-05-010,Five,,
Peach Sugary,10-Jun,Qatar ????,Egypt,0 ,0 ,0 ,0 ,0,0 ,0 ,0 ,0 ,2026-QTR-05-010,Five,,
Graps White,10-Jun,Qatar ????,Egypt,0 ,0 ,0 ,0 ,0,0 ,0 ,0 ,0 ,2026-QTR-05-010,Five,,
Graps red,10-Jun,Qatar ????,Egypt,0 ,0 ,0 ,0 ,0,0 ,0 ,0 ,0 ,2026-QTR-05-010,Five,,
Cantaloupe,10-Jun,Qatar ????,Egypt,0 ,0 ,0 ,0 ,0,0 ,0 ,0 ,0 ,2026-QTR-05-010,Five,,
Apricot Amar,10-Jun,Qatar ????,Egypt,8 ,0 ,0 ,0 ,0,3 ,0 ,3 ,5 ,2026-QTR-05-010,Five,,
Plum Hollywood,11-Jun,Qatar ????,Egypt,0 ,0 ,0 ,0 ,0,0 ,0 ,0 ,0 ,2026-QTR-05-010,Six,,
Watermelon,11-Jun,Qatar ????,Egypt,87 ,0 ,0 ,0 ,2,5 ,0 ,5 ,80 ,2026-QTR-05-010,Six,,
Peach Baladi,11-Jun,Qatar ????,Egypt,0 ,0 ,0 ,0 ,0,0 ,0 ,0 ,0 ,2026-QTR-05-010,Six,,
Peach Sugary,11-Jun,Qatar ????,Egypt,0 ,0 ,0 ,0 ,0,0 ,0 ,0 ,0 ,2026-QTR-05-010,Six,,
Graps White,11-Jun,Qatar ????,Egypt,0 ,0 ,0 ,0 ,0,0 ,0 ,0 ,0 ,2026-QTR-05-010,Six,,
Graps red,11-Jun,Qatar ????,Egypt,0 ,0 ,0 ,0 ,0,0 ,0 ,0 ,0 ,2026-QTR-05-010,Six,,
Cantaloupe,11-Jun,Qatar ????,Egypt,0 ,0 ,0 ,0 ,0,0 ,0 ,0 ,0 ,2026-QTR-05-010,Six,,
Apricot Amar,11-Jun,Qatar ????,Egypt,5 ,0 ,0 ,0 ,4,0 ,0 ,0 ,1 ,2026-QTR-05-010,Six,,
Plum Hollywood,12-Jun,Qatar ????,Egypt,0 ,0 ,0 ,0 ,0,0 ,0 ,0 ,0 ,2026-QTR-05-010,Seven,,
Watermelon,12-Jun,Qatar ????,Egypt,80 ,0 ,0 ,0 ,37,2 ,0 ,2 ,41 ,2026-QTR-05-010,Seven,,
Peach Baladi,12-Jun,Qatar ????,Egypt,0 ,0 ,0 ,0 ,0,0 ,0 ,0 ,0 ,2026-QTR-05-010,Seven,,
Peach Sugary,12-Jun,Qatar ????,Egypt,0 ,0 ,0 ,0 ,0,0 ,0 ,0 ,0 ,2026-QTR-05-010,Seven,,
Graps White,12-Jun,Qatar ????,Egypt,0 ,0 ,0 ,0 ,0,0 ,0 ,0 ,0 ,2026-QTR-05-010,Seven,,
Graps red,12-Jun,Qatar ????,Egypt,0 ,0 ,0 ,0 ,0,0 ,0 ,0 ,0 ,2026-QTR-05-010,Seven,,
Cantaloupe,12-Jun,Qatar ????,Egypt,0 ,0 ,0 ,0 ,0,0 ,0 ,0 ,0 ,2026-QTR-05-010,Seven,,
Apricot Amar,12-Jun,Qatar ????,Egypt,1 ,0 ,0 ,0 ,0,1 ,0 ,1 ,0 ,2026-QTR-05-010,Seven,,
Plum Hollywood,17-Jun,Qatar ????,Egypt,0 ,14 ,0 ,14 ,1,10 ,1 ,9 ,4 ,2026-QTR-06-011,One,,
Watermelon,17-Jun,Qatar ????,Qatar,41 ,27 ,0 ,27 ,4,64 ,3 ,61 ,3 ,2026-QTR-06-011,One,,
Peach Baladi,17-Jun,Qatar ????,Egypt,0 ,16 ,0 ,16 ,0,12 ,2 ,10 ,6 ,2026-QTR-06-011,One,,
Peach Sugary,17-Jun,Qatar ????,Egypt,0 ,30 ,0 ,30 ,1,24 ,3 ,21 ,8 ,2026-QTR-06-011,One,,
Mango White Sugar,17-Jun,Qatar ????,Egypt,0 ,42 ,0 ,42 ,2,40 ,3 ,37 ,3 ,2026-QTR-06-011,One,,
Mango Sediqa ,17-Jun,Qatar ????,Egypt,0 ,184 ,(2),182 ,3,152 ,4 ,148 ,31 ,2026-QTR-06-011,One,,
Graps White,17-Jun,Qatar ????,Egypt,0 ,24 ,0 ,24 ,0,17 ,1 ,16 ,8 ,2026-QTR-06-011,One,,
Graps red,17-Jun,Qatar ????,Egypt,0 ,27 ,0 ,27 ,0,22 ,1 ,21 ,6 ,2026-QTR-06-011,One,,
Cantaloupe,17-Jun,Qatar ????,Egypt,0 ,57 ,0 ,57 ,1,45 ,4 ,41 ,15 ,2026-QTR-06-011,One,,
Apricot Amar,17-Jun,Qatar ????,Egypt,0 ,26 ,0 ,26 ,0,19 ,2 ,17 ,9 ,2026-QTR-06-011,One,,
Plum Hollywood,18-Jun,Qatar ????,Egypt,4 ,0 ,0 ,0 ,0,1 ,0 ,1 ,3 ,2026-QTR-06-011,Two,,
Watermelon,18-Jun,Qatar ????,Qatar,3 ,0 ,0 ,0 ,1,2 ,0 ,2 ,0 ,2026-QTR-06-011,Two,,
Peach Baladi,18-Jun,Qatar ????,Egypt,6 ,0 ,0 ,0 ,0,1 ,1 ,0 ,6 ,2026-QTR-06-011,Two,,
Peach Sugary,18-Jun,Qatar ????,Egypt,8 ,0 ,0 ,0 ,0,1 ,0 ,1 ,7 ,2026-QTR-06-011,Two,,
Mango White Sugar,18-Jun,Qatar ????,Egypt,3 ,0 ,0 ,0 ,1,3 ,1 ,2 ,0 ,2026-QTR-06-011,Two,,
Mango Sediqa ,18-Jun,Qatar ????,Egypt,31 ,0 ,0 ,0 ,0,12 ,1 ,11 ,20 ,2026-QTR-06-011,Two,,
Graps White,18-Jun,Qatar ????,Egypt,8 ,0 ,0 ,0 ,0,0 ,0 ,0 ,8 ,2026-QTR-06-011,Two,,
Graps red,18-Jun,Qatar ????,Egypt,6 ,0 ,0 ,0 ,0,0 ,0 ,0 ,6 ,2026-QTR-06-011,Two,,
Cantaloupe,18-Jun,Qatar ????,Egypt,15 ,0 ,0 ,0 ,0,6 ,3 ,3 ,12 ,2026-QTR-06-011,Two,,
Apricot Amar,18-Jun,Qatar ????,Egypt,9 ,0 ,0 ,0 ,0,0 ,0 ,0 ,9 ,2026-QTR-06-011,Two,,
Plum Hollywood,19-Jun,Qatar ????,Egypt,3 ,0 ,0 ,0 ,0,1 ,0 ,1 ,2 ,2026-QTR-06-011,Three,,
Watermelon,19-Jun,Qatar ????,Qatar,0 ,0 ,0 ,0 ,0,0 ,0 ,0 ,0 ,2026-QTR-06-011,Three,,
Peach Baladi,19-Jun,Qatar ????,Egypt,6 ,0 ,0 ,0 ,0,1 ,0 ,1 ,5 ,2026-QTR-06-011,Three,,
Peach Sugary,19-Jun,Qatar ????,Egypt,7 ,0 ,0 ,0 ,0,4 ,0 ,4 ,3 ,2026-QTR-06-011,Three,,
Mango White Sugar,19-Jun,Qatar ????,Egypt,0 ,0 ,0 ,0 ,0,0 ,0 ,0 ,0 ,2026-QTR-06-011,Three,,
Mango Sediqa ,19-Jun,Qatar ????,Egypt,20 ,0 ,0 ,0 ,1,11 ,2 ,9 ,10 ,2026-QTR-06-011,Three,,
Graps White,19-Jun,Qatar ????,Egypt,8 ,0 ,0 ,0 ,0,2 ,1 ,1 ,7 ,2026-QTR-06-011,Three,,
Graps red,19-Jun,Qatar ????,Egypt,6 ,0 ,0 ,0 ,0,4 ,0 ,4 ,2 ,2026-QTR-06-011,Three,,
Cantaloupe,19-Jun,Qatar ????,Egypt,12 ,0 ,0 ,0 ,0,3 ,0 ,3 ,9 ,2026-QTR-06-011,Three,,
Apricot Amar,19-Jun,Qatar ????,Egypt,9 ,0 ,0 ,0 ,0,2 ,0 ,2 ,7 ,2026-QTR-06-011,Three,,
Plum Hollywood,20-Jun,Qatar ????,Egypt,2 ,0 ,0 ,0 ,0,1 ,0 ,1 ,1 ,2026-QTR-06-011,four,,
Watermelon,20-Jun,Qatar ????,Qatar,0 ,0 ,0 ,0 ,0,0 ,0 ,0 ,0 ,2026-QTR-06-011,four,,
Peach Baladi,20-Jun,Qatar ????,Egypt,5 ,0 ,0 ,0 ,1,2 ,0 ,2 ,2 ,2026-QTR-06-011,four,,
Peach Sugary,20-Jun,Qatar ????,Egypt,3 ,0 ,0 ,0 ,0,1 ,0 ,1 ,2 ,2026-QTR-06-011,four,,
Mango White Sugar,20-Jun,Qatar ????,Egypt,0 ,0 ,0 ,0 ,0,0 ,0 ,0 ,0 ,2026-QTR-06-011,four,,
Mango Sediqa ,20-Jun,Qatar ????,Egypt,10 ,0 ,0 ,0 ,0,10 ,2 ,8 ,2 ,2026-QTR-06-011,four,,
Graps White,20-Jun,Qatar ????,Egypt,7 ,0 ,0 ,0 ,0,1 ,0 ,1 ,6 ,2026-QTR-06-011,four,,
Graps red,20-Jun,Qatar ????,Egypt,2 ,0 ,0 ,0 ,0,1 ,0 ,1 ,1 ,2026-QTR-06-011,four,,
Cantaloupe,20-Jun,Qatar ????,Egypt,9 ,0 ,0 ,0 ,0,3 ,0 ,3 ,6 ,2026-QTR-06-011,four,,
Apricot Amar,20-Jun,Qatar ????,Egypt,7 ,0 ,0 ,0 ,0,1 ,0 ,1 ,6 ,2026-QTR-06-011,four,,
Plum Hollywood,21-Jun,Qatar ????,Egypt,1 ,0 ,0 ,0 ,0,1 ,0 ,1 ,0 ,2026-QTR-06-011,five,,
Watermelon,21-Jun,Qatar ????,Qatar,0 ,0 ,0 ,0 ,0,0 ,0 ,0 ,0 ,2026-QTR-06-011,five,,
Peach Baladi,21-Jun,Qatar ????,Egypt,2 ,0 ,0 ,0 ,0,0 ,0 ,0 ,2 ,2026-QTR-06-011,five,,
Peach Sugary,21-Jun,Qatar ????,Egypt,2 ,0 ,0 ,0 ,0,2 ,0 ,2 ,0 ,2026-QTR-06-011,five,,
Mango White Sugar,21-Jun,Qatar ????,Egypt,0 ,0 ,0 ,0 ,0,0 ,0 ,0 ,0 ,2026-QTR-06-011,five,,
Mango Sediqa ,21-Jun,Qatar ????,Egypt,2 ,0 ,0 ,0 ,0,2 ,0 ,2 ,0 ,2026-QTR-06-011,five,,
Graps White,21-Jun,Qatar ????,Egypt,6 ,0 ,0 ,0 ,0,1 ,0 ,1 ,5 ,2026-QTR-06-011,five,,
Graps red,21-Jun,Qatar ????,Egypt,1 ,0 ,0 ,0 ,0,1 ,0 ,1 ,0 ,2026-QTR-06-011,five,,
Cantaloupe,21-Jun,Qatar ????,Egypt,6 ,0 ,0 ,0 ,0,3 ,0 ,3 ,3 ,2026-QTR-06-011,five,,
Apricot Amar,21-Jun,Qatar ????,Egypt,6 ,0 ,0 ,0 ,0,2 ,0 ,2 ,4 ,2026-QTR-06-011,five,,
Plum Hollywood,22-Jun,Qatar ????,Egypt,0 ,0 ,0 ,0 ,0,0 ,0 ,0 ,0 ,2026-QTR-06-011,six,,
Watermelon,22-Jun,Qatar ????,Qatar,0 ,0 ,0 ,0 ,0,0 ,0 ,0 ,0 ,2026-QTR-06-011,six,,
Peach Baladi,22-Jun,Qatar ????,Egypt,2 ,0 ,0 ,0 ,0,2 ,0 ,2 ,0 ,2026-QTR-06-011,six,,
Peach Sugary,22-Jun,Qatar ????,Egypt,0 ,0 ,0 ,0 ,0,0 ,0 ,0 ,0 ,2026-QTR-06-011,six,,
Mango White Sugar,22-Jun,Qatar ????,Egypt,0 ,0 ,0 ,0 ,0,0 ,0 ,0 ,0 ,2026-QTR-06-011,six,,
Mango Sediqa ,22-Jun,Qatar ????,Egypt,0 ,0 ,0 ,0 ,0,0 ,0 ,0 ,0 ,2026-QTR-06-011,six,,
Graps White,22-Jun,Qatar ????,Egypt,5 ,0 ,0 ,0 ,0,3 ,0 ,3 ,2 ,2026-QTR-06-011,six,,
Graps red,22-Jun,Qatar ????,Egypt,0 ,0 ,0 ,0 ,0,0 ,0 ,0 ,0 ,2026-QTR-06-011,six,,
Cantaloupe,22-Jun,Qatar ????,Egypt,3 ,0 ,0 ,0 ,0,3 ,0 ,3 ,0 ,2026-QTR-06-011,six,,
Apricot Amar,22-Jun,Qatar ????,Egypt,4 ,0 ,0 ,0 ,1,2 ,0 ,2 ,1 ,2026-QTR-06-011,six,,
Plum Hollywood,24-Jun,Qatar ????,Egypt,0 ,0 ,0 ,0 ,0,0 ,0 ,0 ,0 ,2026-QTR-06-011,seven,,
Watermelon,24-Jun,Qatar ????,Qatar,0 ,0 ,0 ,0 ,0,0 ,0 ,0 ,0 ,2026-QTR-06-011,seven,,
Peach Baladi,24-Jun,Qatar ????,Egypt,0 ,0 ,0 ,0 ,0,0 ,0 ,0 ,0 ,2026-QTR-06-011,seven,,
Peach Sugary,24-Jun,Qatar ????,Egypt,0 ,0 ,0 ,0 ,0,0 ,0 ,0 ,0 ,2026-QTR-06-011,seven,,
Mango White Sugar,24-Jun,Qatar ????,Egypt,0 ,0 ,0 ,0 ,0,0 ,0 ,0 ,0 ,2026-QTR-06-011,seven,,
Mango Sediqa ,24-Jun,Qatar ????,Egypt,0 ,0 ,0 ,0 ,0,0 ,0 ,0 ,0 ,2026-QTR-06-011,seven,,
Graps White,24-Jun,Qatar ????,Egypt,2 ,0 ,0 ,0 ,0,2 ,0 ,2 ,0 ,2026-QTR-06-011,seven,,
Graps red,24-Jun,Qatar ????,Egypt,0 ,0 ,0 ,0 ,0,0 ,0 ,0 ,0 ,2026-QTR-06-011,seven,,
Cantaloupe,24-Jun,Qatar ????,Egypt,0 ,0 ,0 ,0 ,0,0 ,0 ,0 ,0 ,2026-QTR-06-011,seven,,
Apricot Amar,24-Jun,Qatar ????,Egypt,1 ,0 ,0 ,0 ,0,1 ,0 ,1 ,0 ,2026-QTR-06-011,seven,,
Plum Hollywood,1-Jul,Qatar ????,Egypt,0 ,8 ,0 ,8 ,0,8 ,0 ,8 ,0 ,2026-QTR-06-012,One,,
Fig Barshomi,1-Jul,Qatar ????,Egypt,0 ,60 ,0 ,60 ,1,59 ,1 ,58 ,1 ,2026-QTR-06-012,One,,
Peach Baladi,1-Jul,Qatar ????,Egypt,0 ,6 ,0 ,6 ,0,5 ,0 ,5 ,1 ,2026-QTR-06-012,One,,
Peach Sugary,1-Jul,Qatar ????,Egypt,0 ,15 ,0 ,15 ,0,15 ,0 ,15 ,0 ,2026-QTR-06-012,One,,
Mango White Sugar,1-Jul,Qatar ????,Egypt,0 ,90 ,0 ,90 ,1,89 ,3 ,86 ,3 ,2026-QTR-06-012,One,,
Mango Sediqa ,1-Jul,Qatar ????,Egypt,0 ,90 ,(1),89 ,1,88 ,1 ,87 ,1 ,2026-QTR-06-012,One,,
Graps White,1-Jul,Qatar ????,Egypt,0 ,6 ,0 ,6 ,0,6 ,0 ,6 ,0 ,2026-QTR-06-012,One,,
Graps red,1-Jul,Qatar ????,Egypt,0 ,13 ,(1),12 ,0,12 ,0 ,12 ,0 ,2026-QTR-06-012,One,,
Cantaloupe,1-Jul,Qatar ????,Egypt,0 ,24 ,0 ,24 ,1,23 ,1 ,22 ,1 ,2026-QTR-06-012,One,,
Apricot Amar,1-Jul,Qatar ????,Egypt,0 ,18 ,(1),17 ,0,17 ,1 ,16 ,1 ,2026-QTR-06-012,One,,
Plum Hollywood,2-Jul,Qatar ????,Egypt,0 ,0 ,0 ,0 ,0,0 ,0 ,0 ,0 ,2026-QTR-06-012,Two,,
Fig Barshomi,2-Jul,Qatar ????,Egypt,1 ,0 ,0 ,0 ,0,1 ,0 ,1 ,0 ,2026-QTR-06-012,Two,,
Peach Baladi,2-Jul,Qatar ????,Egypt,1 ,0 ,0 ,0 ,0,1 ,0 ,1 ,0 ,2026-QTR-06-012,Two,,
Peach Sugary,2-Jul,Qatar ????,Egypt,0 ,0 ,0 ,0 ,0,0 ,0 ,0 ,0 ,2026-QTR-06-012,Two,,
Mango White Sugar,2-Jul,Qatar ????,Egypt,3 ,0 ,0 ,0 ,0,3 ,0 ,3 ,0 ,2026-QTR-06-012,Two,,
Mango Sediqa ,2-Jul,Qatar ????,Egypt,1 ,0 ,0 ,0 ,0,1 ,0 ,1 ,0 ,2026-QTR-06-012,Two,,
Graps White,2-Jul,Qatar ????,Egypt,0 ,0 ,0 ,0 ,0,0 ,0 ,0 ,0 ,2026-QTR-06-012,Two,,
Graps red,2-Jul,Qatar ????,Egypt,0 ,0 ,0 ,0 ,0,0 ,0 ,0 ,0 ,2026-QTR-06-012,Two,,
Cantaloupe,2-Jul,Qatar ????,Egypt,1 ,0 ,0 ,0 ,0,1 ,0 ,1 ,0 ,2026-QTR-06-012,Two,,
Apricot Amar,2-Jul,Qatar ????,Egypt,1 ,0 ,0 ,0 ,0,1 ,0 ,1 ,0 ,2026-QTR-06-012,Two,,
Plum Hollywood,10-Jul,Qatar ????,Egypt,0 ,8 ,0 ,8 ,0,8 ,2 ,6 ,2 ,2026-QTR-06-013,One,,
Fig Barshomi,10-Jul,Qatar ????,Egypt,0 ,96 ,0 ,96 ,2,94 ,8 ,86 ,8 ,2026-QTR-06-013,One,,
Fig Shouki,10-Jul,Qatar ????,Egypt,0 ,0 ,0 ,0 ,0,0 ,,0 ,0 ,2026-QTR-06-013,One,,
Peach Baladi,10-Jul,Qatar ????,Egypt,0 ,0 ,0 ,0 ,0,0 ,0 ,0 ,0 ,2026-QTR-06-013,One,,
Peach Sugary,10-Jul,Qatar ????,Egypt,0 ,20 ,0 ,20 ,0,19 ,4 ,15 ,5 ,2026-QTR-06-013,One,,
Mango White Sugar,10-Jul,Qatar ????,Egypt,0 ,27 ,0 ,27 ,1,26 ,2 ,24 ,2 ,2026-QTR-06-013,One,,
Mango Sediqa ,10-Jul,Qatar ????,Egypt,0 ,37 ,0 ,37 ,1,36 ,2 ,34 ,2 ,2026-QTR-06-013,One,,
Graps Banati,10-Jul,Qatar ????,Egypt,0 ,12 ,0 ,12 ,0,11 ,0 ,11 ,1 ,2026-QTR-06-013,One,,
Graps red,10-Jul,Qatar ????,Egypt,0 ,8 ,0 ,8 ,0,8 ,1 ,7 ,1 ,2026-QTR-06-013,One,,
Mango Fas,10-Jul,Qatar ????,Egypt,0 ,160 ,(1),159 ,0,159 ,4 ,155 ,4 ,2026-QTR-06-013,One,,
Pear Banati,10-Jul,Qatar ????,Egypt,0 ,8 ,0 ,8 ,0,6 ,1 ,5 ,3 ,2026-QTR-06-013,One,,
Cantaloupe,10-Jul,Qatar ????,Egypt,0 ,20 ,0 ,20 ,0,19 ,2 ,17 ,3 ,2026-QTR-06-013,One,,
Mango Hindi,10-Jul,Qatar ????,Egypt,0 ,4 ,0 ,4 ,0,4 ,0 ,4 ,0 ,2026-QTR-06-013,One,,
Apricot Amar,10-Jul,Qatar ????,Egypt,0 ,0 ,0 ,0 ,0,0 ,0 ,0 ,0 ,2026-QTR-06-013,One,,
Plum Hollywood,11-Jul,Qatar ????,Egypt,2 ,0 ,0 ,0 ,0,1 ,0 ,1 ,1 ,2026-QTR-06-013,Two,,
Fig Barshomi,11-Jul,Qatar ????,Egypt,8 ,0 ,0 ,0 ,0,8 ,0 ,8 ,0 ,2026-QTR-06-013,Two,,
Fig Shouki,11-Jul,Qatar ????,Egypt,0 ,0 ,0 ,0 ,0,0 ,0 ,0 ,0 ,2026-QTR-06-013,Two,,
Peach Baladi,11-Jul,Qatar ????,Egypt,0 ,0 ,0 ,0 ,0,0 ,0 ,0 ,0 ,2026-QTR-06-013,Two,,
Peach Sugary,11-Jul,Qatar ????,Egypt,5 ,0 ,0 ,0 ,1,2 ,0 ,2 ,2 ,2026-QTR-06-013,Two,,
Mango White Sugar,11-Jul,Qatar ????,Egypt,2 ,0 ,0 ,0 ,0,1 ,0 ,1 ,1 ,2026-QTR-06-013,Two,,
Mango Sediqa ,11-Jul,Qatar ????,Egypt,2 ,0 ,0 ,0 ,0,2 ,0 ,2 ,0 ,2026-QTR-06-013,Two,,
Graps Banati,11-Jul,Qatar ????,Egypt,1 ,0 ,0 ,0 ,0,1 ,0 ,1 ,0 ,2026-QTR-06-013,Two,,
Graps red,11-Jul,Qatar ????,Egypt,1 ,0 ,0 ,0 ,0,1 ,0 ,1 ,0 ,2026-QTR-06-013,Two,,
Mango Fas,11-Jul,Qatar ????,Egypt,4 ,0 ,0 ,0 ,0,4 ,0 ,4 ,0 ,2026-QTR-06-013,Two,,
Pear Banati,11-Jul,Qatar ????,Egypt,3 ,0 ,0 ,0 ,0,1 ,0 ,1 ,2 ,2026-QTR-06-013,Two,,
Cantaloupe,11-Jul,Qatar ????,Egypt,3 ,0 ,0 ,0 ,0,1 ,0 ,1 ,2 ,2026-QTR-06-013,Two,,
Mango Hindi,11-Jul,Qatar ????,Egypt,0 ,0 ,0 ,0 ,0,0 ,0 ,0 ,0 ,2026-QTR-06-013,Two,,
Apricot Amar,11-Jul,Qatar ????,Egypt,0 ,0 ,0 ,0 ,0,0 ,0 ,0 ,0 ,2026-QTR-06-013,Two,,
Plum Hollywood,12-Jul,Qatar ????,Egypt,1 ,0 ,0 ,0 ,0,0 ,0 ,0 ,1 ,2026-QTR-06-014,One,,
Fig Barshomi,12-Jul,Qatar ????,Egypt,0 ,45 ,0 ,45 ,3,42 ,2 ,40 ,2 ,2026-QTR-06-014,One,,
Fig Shouki,12-Jul,Qatar ????,Egypt,0 ,6 ,0 ,6 ,0,6 ,0 ,6 ,0 ,2026-QTR-06-014,One,,
Peach Sugary,12-Jul,Qatar ????,Egypt,2 ,9 ,0 ,9 ,0,5 ,1 ,4 ,7 ,2026-QTR-06-014,One,,
Mango White Sugar,12-Jul,Qatar ????,Egypt,1 ,23 ,0 ,23 ,0,20 ,3 ,17 ,7 ,2026-QTR-06-014,One,,
Mango Sediqa ,12-Jul,Qatar ????,Egypt,0 ,20 ,0 ,20 ,1,19 ,2 ,17 ,2 ,2026-QTR-06-014,One,,
Graps Banati,12-Jul,Qatar ????,Egypt,0 ,6 ,(1),5 ,0,5 ,0 ,5 ,0 ,2026-QTR-06-014,One,,
Graps red,12-Jul,Qatar ????,Egypt,0 ,2 ,0 ,2 ,0,1 ,1 ,0 ,2 ,2026-QTR-06-014,One,,
Mango Fas,12-Jul,Qatar ????,Egypt,0 ,255 ,0 ,255 ,1,254 ,20 ,234 ,20 ,2026-QTR-06-014,One,,
Pear Banati,12-Jul,Qatar ????,Egypt,2 ,5 ,0 ,5 ,0,4 ,1 ,3 ,4 ,2026-QTR-06-014,One,,
Cantaloupe,12-Jul,Qatar ????,Egypt,2 ,14 ,(1),13 ,1,14 ,3 ,11 ,3 ,2026-QTR-06-014,One,,
Mango Hindi,12-Jul,Qatar ????,Egypt,0 ,20 ,0 ,20 ,0,17 ,1 ,16 ,4 ,2026-QTR-06-014,One,,
Plum Hollywood,13-Jul,Qatar ????,Egypt,1 ,0 ,0 ,0 ,0,0 ,0 ,0 ,1 ,2026-QTR-06-014,Two,,
Fig Barshomi,13-Jul,Qatar ????,Egypt,2 ,0 ,0 ,0 ,0,2 ,1 ,1 ,1 ,2026-QTR-06-014,Two,,
Fig Shouki,13-Jul,Qatar ????,Egypt,0 ,0 ,0 ,0 ,0,0 ,0 ,0 ,0 ,2026-QTR-06-014,Two,,
Peach Sugary,13-Jul,Qatar ????,Egypt,7 ,0 ,0 ,0 ,0,0 ,0 ,0 ,7 ,2026-QTR-06-014,Two,,
Mango White Sugar,13-Jul,Qatar ????,Egypt,7 ,0 ,0 ,0 ,0,3 ,0 ,3 ,4 ,2026-QTR-06-014,Two,,
Mango Sediqa ,13-Jul,Qatar ????,Egypt,2 ,0 ,0 ,0 ,0,2 ,0 ,2 ,0 ,2026-QTR-06-014,Two,,
Graps Banati,13-Jul,Qatar ????,Egypt,0 ,0 ,0 ,0 ,0,0 ,0 ,0 ,0 ,2026-QTR-06-014,Two,,
Graps red,13-Jul,Qatar ????,Egypt,2 ,0 ,0 ,0 ,0,1 ,1 ,0 ,2 ,2026-QTR-06-014,Two,,
Mango Fas,13-Jul,Qatar ????,Egypt,20 ,0 ,0 ,0 ,0,20 ,1 ,19 ,1 ,2026-QTR-06-014,Two,,
Pear Banati,13-Jul,Qatar ????,Egypt,4 ,0 ,0 ,0 ,0,0 ,0 ,0 ,4 ,2026-QTR-06-014,Two,,
Cantaloupe,13-Jul,Qatar ????,Egypt,3 ,0 ,0 ,0 ,0,2 ,1 ,1 ,2 ,2026-QTR-06-014,Two,,
Mango Hindi,13-Jul,Qatar ????,Egypt,4 ,0 ,0 ,0 ,0,0 ,0 ,0 ,4 ,2026-QTR-06-014,Two,,
Plum Hollywood,14-Jul,Qatar ????,Egypt,1 ,0 ,0 ,0 ,0,0 ,0 ,0 ,1 ,2026-QTR-06-014,Three,,
Fig Barshomi,14-Jul,Qatar ????,Egypt,1 ,0 ,0 ,0 ,0,1 ,0 ,1 ,0 ,2026-QTR-06-014,Three,,
Fig Shouki,14-Jul,Qatar ????,Egypt,0 ,0 ,0 ,0 ,0,0 ,0 ,0 ,0 ,2026-QTR-06-014,Three,,
Peach Sugary,14-Jul,Qatar ????,Egypt,7 ,0 ,0 ,0 ,0,0 ,0 ,0 ,7 ,2026-QTR-06-014,Three,,
Mango White Sugar,14-Jul,Qatar ????,Egypt,4 ,0 ,0 ,0 ,0,2 ,0 ,2 ,2 ,2026-QTR-06-014,Three,,
Mango Sediqa ,14-Jul,Qatar ????,Egypt,0 ,0 ,0 ,0 ,0,0 ,0 ,0 ,0 ,2026-QTR-06-014,Three,,
Graps Banati,14-Jul,Qatar ????,Egypt,0 ,0 ,0 ,0 ,0,0 ,0 ,0 ,0 ,2026-QTR-06-014,Three,,
Graps red,14-Jul,Qatar ????,Egypt,2 ,0 ,0 ,0 ,0,1 ,0 ,1 ,1 ,2026-QTR-06-014,Three,,
Mango Fas,14-Jul,Qatar ????,Egypt,1 ,0 ,0 ,0 ,0,1 ,0 ,1 ,0 ,2026-QTR-06-014,Three,,
Pear Banati,14-Jul,Qatar ????,Egypt,4 ,0 ,0 ,0 ,0,0 ,0 ,0 ,4 ,2026-QTR-06-014,Three,,
Cantaloupe,14-Jul,Qatar ????,Egypt,2 ,0 ,0 ,0 ,0,1 ,0 ,1 ,1 ,2026-QTR-06-014,Three,,
Mango Hindi,14-Jul,Qatar ????,Egypt,4 ,0 ,0 ,0 ,0,4 ,1 ,3 ,1 ,2026-QTR-06-014,Three,,
Plum Hollywood,16-Jul,Qatar ????,Egypt,1 ,0 ,0 ,0 ,0,0 ,0 ,0 ,1 ,2026-QTR-06-014,Four,,
Fig Barshomi,16-Jul,Qatar ????,Egypt,0 ,0 ,0 ,0 ,0,0 ,0 ,0 ,0 ,2026-QTR-06-014,Four,,
Fig Shouki,16-Jul,Qatar ????,Egypt,0 ,0 ,0 ,0 ,0,0 ,0 ,0 ,0 ,2026-QTR-06-014,Four,,
Peach Sugary,16-Jul,Qatar ????,Egypt,7 ,0 ,0 ,0 ,3,0 ,0 ,0 ,4 ,2026-QTR-06-014,Four,,
Mango White Sugar,16-Jul,Qatar ????,Egypt,2 ,0 ,0 ,0 ,0,2 ,0 ,2 ,0 ,2026-QTR-06-014,Four,,
Mango Sediqa ,16-Jul,Qatar ????,Egypt,0 ,0 ,0 ,0 ,0,0 ,0 ,0 ,0 ,2026-QTR-06-014,Four,,
Graps Banati,16-Jul,Qatar ????,Egypt,0 ,0 ,0 ,0 ,0,0 ,0 ,0 ,0 ,2026-QTR-06-014,Four,,
Graps red,16-Jul,Qatar ????,Egypt,1 ,0 ,0 ,0 ,0,0 ,0 ,0 ,1 ,2026-QTR-06-014,Four,,
Mango Fas,16-Jul,Qatar ????,Egypt,0 ,0 ,0 ,0 ,0,0 ,0 ,0 ,0 ,2026-QTR-06-014,Four,,
Pear Banati,16-Jul,Qatar ????,Egypt,4 ,0 ,0 ,0 ,0,0 ,0 ,0 ,4 ,2026-QTR-06-014,Four,,
Cantaloupe,16-Jul,Qatar ????,Egypt,1 ,0 ,0 ,0 ,0,0 ,0 ,0 ,1 ,2026-QTR-06-014,Four,,
Mango Hindi,16-Jul,Qatar ????,Egypt,1 ,0 ,0 ,0 ,0,0 ,0 ,0 ,1 ,2026-QTR-06-014,Four,,
Fig Barshomi,17-Jul,Qatar ????,Egypt,0 ,47 ,0 ,47 ,1,38 ,3 ,35 ,11 ,2026-QTR-07-015,One,,
Fig Shouki,17-Jul,Qatar ????,Egypt,0 ,28 ,0 ,28 ,0,19 ,0 ,19 ,9 ,2026-QTR-07-015,One,,
Mango White Sugar,17-Jul,Qatar ????,Egypt,0 ,16 ,0 ,16 ,0,15 ,2 ,13 ,3 ,2026-QTR-07-015,One,,
Mango Sediqa ,17-Jul,Qatar ????,Egypt,0 ,19 ,0 ,19 ,1,18 ,2 ,16 ,2 ,2026-QTR-07-015,One,,
Graps Banati,17-Jul,Qatar ????,Egypt,0 ,18 ,0 ,18 ,0,14 ,1 ,13 ,5 ,2026-QTR-07-015,One,,
Graps red,17-Jul,Qatar ????,Egypt,1 ,14 ,0 ,14 ,1,8 ,0 ,8 ,6 ,2026-QTR-07-015,One,,
Mango Fas,17-Jul,Qatar ????,Egypt,0 ,210 ,0 ,210 ,1,181 ,9 ,172 ,37 ,2026-QTR-07-015,One,,
Pear Banati,17-Jul,Qatar ????,Egypt,4 ,2 ,0 ,2 ,0,3 ,1 ,2 ,4 ,2026-QTR-07-015,One,,
Cantaloupe,17-Jul,Qatar ????,Egypt,1 ,16 ,0 ,16 ,0,17 ,2 ,15 ,2 ,2026-QTR-07-015,One,,
Plum Hollywood,17-Jul,Qatar ????,Egypt,1 ,0 ,0 ,0 ,0,0 ,0 ,0 ,1 ,2026-QTR-07-015,One,,
Mango Hindi,17-Jul,Qatar ????,Egypt,1 ,4 ,0 ,4 ,0,4 ,2 ,2 ,3 ,2026-QTR-07-015,One,,
Plum Hollywood,18-Jul,Qatar ????,Egypt,1 ,0 ,0 ,0 ,1,0 ,0 ,0 ,0 ,2026-QTR-07-015,Two,,
Fig Barshomi,18-Jul,Qatar ????,Egypt,11 ,0 ,0 ,0 ,0,10 ,2 ,8 ,3 ,2026-QTR-07-015,Two,,
Fig Shouki,18-Jul,Qatar ????,Egypt,9 ,0 ,0 ,0 ,0,9 ,4 ,5 ,4 ,2026-QTR-07-015,Two,,
Peach Sugary,18-Jul,Qatar ????,Egypt,4 ,0 ,0 ,0 ,0,0 ,0 ,0 ,4 ,2026-QTR-07-015,Two,,
Mango White Sugar,18-Jul,Qatar ????,Egypt,3 ,0 ,0 ,0 ,0,3 ,0 ,3 ,0 ,2026-QTR-07-015,Two,,
Mango Sediqa ,18-Jul,Qatar ????,Egypt,2 ,0 ,0 ,0 ,0,2 ,1 ,1 ,1 ,2026-QTR-07-015,Two,,
Graps Banati,18-Jul,Qatar ????,Egypt,5 ,0 ,0 ,0 ,0,5 ,2 ,3 ,2 ,2026-QTR-07-015,Two,,
Graps red,18-Jul,Qatar ????,Egypt,6 ,0 ,0 ,0 ,0,4 ,1 ,3 ,3 ,2026-QTR-07-015,Two,,
Mango Fas,18-Jul,Qatar ????,Egypt,37 ,0 ,0 ,0 ,0,33 ,5 ,28 ,9 ,2026-QTR-07-015,Two,,
Pear Banati,18-Jul,Qatar ????,Egypt,4 ,0 ,0 ,0 ,0,3 ,1 ,2 ,2 ,2026-QTR-07-015,Two,,
Cantaloupe,18-Jul,Qatar ????,Egypt,2 ,0 ,0 ,0 ,0,2 ,0 ,2 ,0 ,2026-QTR-07-015,Two,,
Mango Hindi,18-Jul,Qatar ????,Egypt,3 ,0 ,0 ,0 ,0,3 ,2 ,1 ,2 ,2026-QTR-07-015,Two,,
Plum Hollywood,19-Jul,Qatar ????,Egypt,0 ,0 ,0 ,0 ,0,0 ,0 ,0 ,0 ,2026-QTR-07-015,Three,,
Fig Barshomi,19-Jul,Qatar ????,Egypt,3 ,0 ,0 ,0 ,0,3 ,0 ,3 ,0 ,2026-QTR-07-015,Three,,
Fig Shouki,19-Jul,Qatar ????,Egypt,4 ,0 ,0 ,0 ,0,4 ,0 ,4 ,0 ,2026-QTR-07-015,Three,,
Peach Sugary,19-Jul,Qatar ????,Egypt,4 ,0 ,0 ,0 ,0,0 ,0 ,0 ,4 ,2026-QTR-07-015,Three,,
Mango White Sugar,19-Jul,Qatar ????,Egypt,0 ,0 ,0 ,0 ,0,0 ,0 ,0 ,0 ,2026-QTR-07-015,Three,,
Mango Sediqa ,19-Jul,Qatar ????,Egypt,1 ,0 ,0 ,0 ,0,1 ,0 ,1 ,0 ,2026-QTR-07-015,Three,,
Graps Banati,19-Jul,Qatar ????,Egypt,2 ,0 ,0 ,0 ,0,2 ,0 ,2 ,0 ,2026-QTR-07-015,Three,,
Graps red,19-Jul,Qatar ????,Egypt,3 ,0 ,0 ,0 ,0,0 ,0 ,0 ,3 ,2026-QTR-07-015,Three,,
Mango Fas,19-Jul,Qatar ????,Egypt,9 ,0 ,0 ,0 ,0,9 ,0 ,9 ,0 ,2026-QTR-07-015,Three,,
Pear Banati,19-Jul,Qatar ????,Egypt,2 ,0 ,0 ,0 ,0,0 ,0 ,0 ,2 ,2026-QTR-07-015,Three,,
Cantaloupe,19-Jul,Qatar ????,Egypt,0 ,0 ,0 ,0 ,0,0 ,0 ,0 ,0 ,2026-QTR-07-015,Three,,
Mango Hindi,19-Jul,Qatar ????,Egypt,2 ,0 ,0 ,0 ,0,1 ,0 ,1 ,1 ,2026-QTR-07-015,Three,,
Plum Hollywood,20-Jul,Qatar ????,Egypt,0 ,0 ,0 ,0 ,0,0 ,0 ,0 ,0 ,2026-QTR-07-015,Four,,
Fig Barshomi,20-Jul,Qatar ????,Egypt,0 ,0 ,0 ,0 ,0,0 ,0 ,0 ,0 ,2026-QTR-07-015,Four,,
Fig Shouki,20-Jul,Qatar ????,Egypt,0 ,0 ,0 ,0 ,0,0 ,0 ,0 ,0 ,2026-QTR-07-015,Four,,
Peach Sugary,20-Jul,Qatar ????,Egypt,4 ,0 ,0 ,0 ,4,0 ,0 ,0 ,0 ,2026-QTR-07-015,Four,,
Mango White Sugar,20-Jul,Qatar ????,Egypt,0 ,0 ,0 ,0 ,0,0 ,0 ,0 ,0 ,2026-QTR-07-015,Four,,
Mango Sediqa ,20-Jul,Qatar ????,Egypt,0 ,0 ,0 ,0 ,0,0 ,0 ,0 ,0 ,2026-QTR-07-015,Four,,
Graps Banati,20-Jul,Qatar ????,Egypt,0 ,0 ,0 ,0 ,0,0 ,0 ,0 ,0 ,2026-QTR-07-015,Four,,
Graps red,20-Jul,Qatar ????,Egypt,3 ,0 ,0 ,0 ,0,0 ,0 ,0 ,3 ,2026-QTR-07-015,Four,,
Mango Fas,20-Jul,Qatar ????,Egypt,0 ,0 ,0 ,0 ,0,0 ,0 ,0 ,0 ,2026-QTR-07-015,Four,,
Pear Banati,20-Jul,Qatar ????,Egypt,2 ,0 ,0 ,0 ,0,0 ,0 ,0 ,2 ,2026-QTR-07-015,Four,,
Cantaloupe,20-Jul,Qatar ????,Egypt,0 ,0 ,0 ,0 ,0,0 ,0 ,0 ,0 ,2026-QTR-07-015,Four,,
Mango Hindi,20-Jul,Qatar ????,Egypt,1 ,0 ,0 ,0 ,0,0 ,0 ,0 ,1 ,2026-QTR-07-015,Four,,
Fig Barshomi,25-Jul,Qatar ????,Egypt,0 ,52 ,0 ,52 ,1,51 ,9 ,42 ,9 ,2026-QTR-07-016,One,,
Fig Shouki,25-Jul,Qatar ????,Egypt,0 ,27 ,0 ,27 ,0,27 ,1 ,26 ,1 ,2026-QTR-07-016,One,,
Mango White Sugar,25-Jul,Qatar ????,Egypt,0 ,33 ,0 ,33 ,0,31 ,4 ,27 ,6 ,2026-QTR-07-016,One,,
Mango Sediqa ,25-Jul,Qatar ????,Egypt,0 ,21 ,0 ,21 ,3,17 ,1 ,16 ,2 ,2026-QTR-07-016,One,,
Graps Banati,25-Jul,Qatar ????,Egypt,0 ,17 ,0 ,17 ,0,17 ,2 ,15 ,2 ,2026-QTR-07-016,One,,
Graps red,25-Jul,Qatar ????,Egypt,3 ,3 ,0 ,3 ,0,6 ,0 ,6 ,0 ,2026-QTR-07-016,One,,
Mango Fas,25-Jul,Qatar ????,Egypt,0 ,240 ,0 ,240 ,2,238 ,10 ,228 ,10 ,2026-QTR-07-016,One,,
Pear Banati,25-Jul,Qatar ????,Egypt,2 ,5 ,0 ,5 ,0,6 ,1 ,5 ,2 ,2026-QTR-07-016,One,,
Cantaloupe,25-Jul,Qatar ????,Egypt,0 ,21 ,0 ,21 ,0,20 ,1 ,19 ,2 ,2026-QTR-07-016,One,,
Mango Hindi,25-Jul,Qatar ????,Egypt,1 ,8 ,0 ,8 ,0,8 ,1 ,7 ,2 ,2026-QTR-07-016,One,,
Fig Barshomi,26-Jul,Qatar ????,Egypt,9 ,0 ,0 ,0 ,0,6 ,,6 ,3 ,2026-QTR-07-016,Two,,
Fig Shouki,26-Jul,Qatar ????,Egypt,1 ,0 ,0 ,0 ,0,1 ,,1 ,0 ,2026-QTR-07-016,Two,,
Mango White Sugar,26-Jul,Qatar ????,Egypt,6 ,0 ,0 ,0 ,0,2 ,,2 ,4 ,2026-QTR-07-016,Two,,
Mango Sediqa ,26-Jul,Qatar ????,Egypt,2 ,0 ,0 ,0 ,0,2 ,,2 ,0 ,2026-QTR-07-016,Two,,
Graps Banati,26-Jul,Qatar ????,Egypt,2 ,0 ,0 ,0 ,0,2 ,,2 ,0 ,2026-QTR-07-016,Two,,
Graps red,26-Jul,Qatar ????,Egypt,0 ,0 ,0 ,0 ,0,0 ,,0 ,0 ,2026-QTR-07-016,Two,,
Mango Fas,26-Jul,Qatar ????,Egypt,10 ,0 ,0 ,0 ,0,10 ,,10 ,0 ,2026-QTR-07-016,Two,,
Pear Banati,26-Jul,Qatar ????,Egypt,2 ,0 ,0 ,0 ,0,1 ,,1 ,1 ,2026-QTR-07-016,Two,,
Cantaloupe,26-Jul,Qatar ????,Egypt,2 ,0 ,0 ,0 ,0,2 ,,2 ,0 ,2026-QTR-07-016,Two,,
Mango Hindi,26-Jul,Qatar ????,Egypt,2 ,0 ,0 ,0 ,0,1 ,,1 ,1 ,2026-QTR-07-016,Two,,
Fig Barshomi,29-Jul,Qatar ????,Egypt,3 ,48 ,0 ,48 ,1,49 ,7 ,42 ,8 ,2026-QTR-07-017,One,,
Fig Shouki,29-Jul,Qatar ????,Egypt,0 ,18 ,0 ,18 ,0,18 ,5 ,13 ,5 ,2026-QTR-07-017,One,,
Mango White Sugar,29-Jul,Qatar ????,Egypt,4 ,6 ,0 ,6 ,0,9 ,1 ,8 ,2 ,2026-QTR-07-017,One,,
Mango Sediqa ,29-Jul,Qatar ????,Egypt,0 ,6 ,0 ,6 ,1,5 ,0 ,5 ,0 ,2026-QTR-07-017,One,,
Graps Banati,29-Jul,Qatar ????,Egypt,0 ,26 ,0 ,26 ,0,26 ,4 ,22 ,4 ,2026-QTR-07-017,One,,
Graps red,29-Jul,Qatar ????,Egypt,0 ,3 ,(1),2 ,0,2 ,0 ,2 ,0 ,2026-QTR-07-017,One,,
Mango Fas,29-Jul,Qatar ????,Egypt,0 ,137 ,0 ,137 ,1,133 ,12 ,121 ,15 ,2026-QTR-07-017,One,,
Mango Owais,29-Jul,Qatar ????,Egypt,0 ,127 ,0 ,127 ,1,126 ,13 ,113 ,13 ,2026-QTR-07-017,One,,
Mango Fons,29-Jul,Qatar ????,Egypt,0 ,18 ,(1),17 ,0,17 ,2 ,15 ,2 ,2026-QTR-07-017,One,,
Mango Timour,29-Jul,Qatar ????,Egypt,0 ,9 ,0 ,9 ,0,9 ,2 ,7 ,2 ,2026-QTR-07-017,One,,
Pear Banati,29-Jul,Qatar ????,Egypt,1 ,3 ,0 ,3 ,0,3 ,0 ,3 ,1 ,2026-QTR-07-017,One,,
Cantaloupe,29-Jul,Qatar ????,Egypt,0 ,9 ,0 ,9 ,0,8 ,2 ,6 ,3 ,2026-QTR-07-017,One,,
Mango Hindi,29-Jul,Qatar ????,Egypt,1 ,3 ,0 ,3 ,0,1 ,1 ,0 ,4 ,2026-QTR-07-017,One,,
Fig Barshomi,30-Jul,Qatar ????,Egypt,8 ,,,0 ,1,5 ,0 ,5 ,2 ,2026-QTR-07-017,Two,,
Fig Shouki,30-Jul,Qatar ????,Egypt,5 ,,,0 ,,3 ,,3 ,2 ,2026-QTR-07-017,Two,,
Mango White Sugar,30-Jul,Qatar ????,Egypt,2 ,,,0 ,1,1 ,,1 ,0 ,2026-QTR-07-017,Two,,
Mango Sediqa ,30-Jul,Qatar ????,Egypt,0 ,,,0 ,,0 ,,0 ,0 ,2026-QTR-07-017,Two,,
Graps Banati,30-Jul,Qatar ????,Egypt,4 ,,,0 ,,4 ,1 ,3 ,1 ,2026-QTR-07-017,Two,,
Graps red,30-Jul,Qatar ????,Egypt,0 ,,,0 ,,0 ,,0 ,0 ,2026-QTR-07-017,Two,,
Mango Fas,30-Jul,Qatar ????,Egypt,15 ,,,0 ,1,9 ,,9 ,5 ,2026-QTR-07-017,Two,,
Mango Owais,30-Jul,Qatar ????,Egypt,13 ,,,0 ,1,9 ,,9 ,3 ,2026-QTR-07-017,Two,,
Mango Fons,30-Jul,Qatar ????,Egypt,2 ,,,0 ,,2 ,1 ,1 ,1 ,2026-QTR-07-017,Two,,
Mango Timour,30-Jul,Qatar ????,Egypt,2 ,,,0 ,,1 ,,1 ,1 ,2026-QTR-07-017,Two,,
Pear Banati,30-Jul,Qatar ????,Egypt,1 ,,,0 ,,1 ,1 ,0 ,1 ,2026-QTR-07-017,Two,,
Cantaloupe,30-Jul,Qatar ????,Egypt,3 ,,,0 ,,1 ,,1 ,2 ,2026-QTR-07-017,Two,,
Mango Hindi,30-Jul,Qatar ????,Egypt,4 ,,,0 ,,0 ,,0 ,4 ,2026-QTR-07-017,Two,,
Fig Barshomi,31-Jul,Qatar ????,Egypt,2 ,,,0 ,,2 ,,2 ,0 ,2026-QTR-07-017,Two,,
Fig Shouki,31-Jul,Qatar ????,Egypt,2 ,,,0 ,,1 ,,1 ,1 ,2026-QTR-07-017,Two,,
Mango White Sugar,31-Jul,Qatar ????,Egypt,0 ,,,0 ,,,,0 ,0 ,2026-QTR-07-017,Two,,
Mango Sediqa ,31-Jul,Qatar ????,Egypt,0 ,,,0 ,,,,0 ,0 ,2026-QTR-07-017,Two,,
Graps Banati,31-Jul,Qatar ????,Egypt,1 ,,,0 ,,,,0 ,1 ,2026-QTR-07-017,Two,,
Graps red,31-Jul,Qatar ????,Egypt,0 ,,,0 ,,,,0 ,0 ,2026-QTR-07-017,Two,,
Mango Fas,31-Jul,Qatar ????,Egypt,5 ,,,0 ,,5 ,,5 ,0 ,2026-QTR-07-017,Two,,
Mango Owais,31-Jul,Qatar ????,Egypt,3 ,,,0 ,,3 ,,3 ,0 ,2026-QTR-07-017,Two,,
Mango Fons,31-Jul,Qatar ????,Egypt,1 ,,,0 ,,1 ,,1 ,0 ,2026-QTR-07-017,Two,,
Mango Timour,31-Jul,Qatar ????,Egypt,1 ,,,0 ,,1 ,,1 ,0 ,2026-QTR-07-017,Two,,
Pear Banati,31-Jul,Qatar ????,Egypt,1 ,,,0 ,,,,0 ,1 ,2026-QTR-07-017,Two,,
Cantaloupe,31-Jul,Qatar ????,Egypt,2 ,,,0 ,,,,0 ,2 ,2026-QTR-07-017,Two,,
Mango Hindi,31-Jul,Qatar ????,Egypt,4 ,,,0 ,,1 ,,1 ,3 ,2026-QTR-07-017,Two,,
Cantaloupe,5-Aug,Qatar ????,Egypt,2 ,13 ,0 ,13 ,0,11 ,0 ,11 ,4 ,2026-QTR-07-018,One,,
Fig Barshomi,5-Aug,Qatar ????,Egypt,0 ,62 ,0 ,62 ,1,55 ,8 ,47 ,14 ,2026-QTR-07-018,One,,
Fig Shouki,5-Aug,Qatar ????,Egypt,1 ,18 ,0 ,18 ,0,15 ,1 ,14 ,5 ,2026-QTR-07-018,One,,
Graps red,5-Aug,Qatar ????,Egypt,0 ,4 ,0 ,4 ,0,4 ,1 ,3 ,1 ,2026-QTR-07-018,One,,
Graps Banati,5-Aug,Qatar ????,Egypt,1 ,17 ,0 ,17 ,1,14 ,1 ,13 ,4 ,2026-QTR-07-018,One,,
Mango Fas,5-Aug,Qatar ????,Egypt,0 ,143 ,0 ,143 ,3,133 ,19 ,114 ,26 ,2026-QTR-07-018,One,,
Mango Fons,5-Aug,Qatar ????,Egypt,0 ,16 ,0 ,16 ,1,15 ,1 ,14 ,1 ,2026-QTR-07-018,One,,
Mango Hindi,5-Aug,Qatar ????,Egypt,3 ,0 ,0 ,0 ,0,0 ,0 ,0 ,3 ,2026-QTR-07-018,One,,
Mango Owais,5-Aug,Qatar ????,Egypt,0 ,101 ,0 ,101 ,1,95 ,3 ,92 ,8 ,2026-QTR-07-018,One,,
Mango Sediqa ,5-Aug,Qatar ????,Egypt,0 ,15 ,0 ,15 ,1,14 ,1 ,13 ,1 ,2026-QTR-07-018,One,,
Mango Timour,5-Aug,Qatar ????,Egypt,0 ,10 ,0 ,10 ,1,8 ,0 ,8 ,1 ,2026-QTR-07-018,One,,
Mango White Sugar,5-Aug,Qatar ????,Egypt,0 ,25 ,0 ,25 ,1,24 ,0 ,24 ,0 ,2026-QTR-07-018,One,,
Pear Banati,5-Aug,Qatar ????,Egypt,1 ,2 ,0 ,2 ,0,2 ,1 ,1 ,2 ,2026-QTR-07-018,One,,
Cantaloupe,6-Aug,Qatar ????,Egypt,4 ,,0 ,0 ,0,4 ,0 ,4 ,0 ,2026-QTR-07-018,Two,,
Fig Barshomi,6-Aug,Qatar ????,Egypt,14 ,,0 ,0 ,0,14 ,1 ,13 ,1 ,2026-QTR-07-018,Two,,
Fig Shouki,6-Aug,Qatar ????,Egypt,5 ,,0 ,0 ,0,5 ,0 ,5 ,0 ,2026-QTR-07-018,Two,,
Graps red,6-Aug,Qatar ????,Egypt,1 ,,0 ,0 ,0,1 ,0 ,1 ,0 ,2026-QTR-07-018,Two,,
Graps Banati,6-Aug,Qatar ????,Egypt,4 ,,0 ,0 ,0,2 ,0 ,2 ,2 ,2026-QTR-07-018,Two,,
Mango Fas,6-Aug,Qatar ????,Egypt,26 ,,0 ,0 ,1,25 ,0 ,25 ,0 ,2026-QTR-07-018,Two,,
Mango Fons,6-Aug,Qatar ????,Egypt,1 ,,0 ,0 ,0,1 ,0 ,1 ,0 ,2026-QTR-07-018,Two,,
Mango Hindi,6-Aug,Qatar ????,Egypt,3 ,,0 ,0 ,1,2 ,1 ,1 ,1 ,2026-QTR-07-018,Two,,
Mango Owais,6-Aug,Qatar ????,Egypt,8 ,,0 ,0 ,0,8 ,0 ,8 ,0 ,2026-QTR-07-018,Two,,
Mango Sediqa ,6-Aug,Qatar ????,Egypt,1 ,,0 ,0 ,0,0 ,0 ,0 ,1 ,2026-QTR-07-018,Two,,
Mango Timour,6-Aug,Qatar ????,Egypt,1 ,,0 ,0 ,0,1 ,0 ,1 ,0 ,2026-QTR-07-018,Two,,
Mango White Sugar,6-Aug,Qatar ????,Egypt,0 ,,0 ,0 ,0,0 ,0 ,0 ,0 ,2026-QTR-07-018,Two,,
Pear Banati,6-Aug,Qatar ????,Egypt,2 ,,0 ,0 ,0,0 ,0 ,0 ,2 ,2026-QTR-07-018,Two,,
Cantaloupe,7-Aug,Qatar ????,Egypt,0 ,,0 ,0 ,0,0 ,0 ,0 ,0 ,2026-QTR-07-018,Three,,
Fig Barshomi,7-Aug,Qatar ????,Egypt,1 ,,0 ,0 ,,1 ,,1 ,0 ,2026-QTR-07-018,Three,,
Fig Shouki,7-Aug,Qatar ????,Egypt,0 ,,0 ,0 ,,,,0 ,0 ,2026-QTR-07-018,Three,,
Graps red,7-Aug,Qatar ????,Egypt,0 ,,0 ,0 ,,,,0 ,0 ,2026-QTR-07-018,Three,,
Graps Banati,7-Aug,Qatar ????,Egypt,2 ,,0 ,0 ,,,,0 ,2 ,2026-QTR-07-018,Three,,
Mango Fas,7-Aug,Qatar ????,Egypt,0 ,,0 ,0 ,,,,0 ,0 ,2026-QTR-07-018,Three,,
Mango Fons,7-Aug,Qatar ????,Egypt,0 ,,0 ,0 ,,,,0 ,0 ,2026-QTR-07-018,Three,,
Mango Hindi,7-Aug,Qatar ????,Egypt,1 ,,0 ,0 ,1,,,0 ,0 ,2026-QTR-07-018,Three,,
Mango Owais,7-Aug,Qatar ????,Egypt,0 ,,0 ,0 ,,,,0 ,0 ,2026-QTR-07-018,Three,,
Mango Sediqa ,7-Aug,Qatar ????,Egypt,1 ,,0 ,0 ,,1 ,,1 ,0 ,2026-QTR-07-018,Three,,
Mango Timour,7-Aug,Qatar ????,Egypt,0 ,,0 ,0 ,,,,0 ,0 ,2026-QTR-07-018,Three,,
Mango White Sugar,7-Aug,Qatar ????,Egypt,0 ,,0 ,0 ,,,,0 ,0 ,2026-QTR-07-018,Three,,
Pear Banati,7-Aug,Qatar ????,Egypt,2 ,,0 ,0 ,,1 ,,1 ,1 ,2026-QTR-07-018,Three,,
Cantaloupe,10-Aug,Qatar ????,Egypt,0 ,11 ,0 ,11 ,,11 ,,11 ,0 ,2026-QTR-07-019,One,,
Fig Barshomi,10-Aug,Qatar ????,Egypt,0 ,61 ,0 ,61 ,1,57 ,6 ,51 ,9 ,2026-QTR-07-019,One,,
Fig Shouki,10-Aug,Qatar ????,Egypt,0 ,28 ,0 ,28 ,,28 ,5 ,23 ,5 ,2026-QTR-07-019,One,,
Graps red,10-Aug,Qatar ????,Egypt,0 ,0 ,0 ,0 ,,0 ,,0 ,0 ,2026-QTR-07-019,One,,
Graps Banati,10-Aug,Qatar ????,Egypt,2 ,28 ,0 ,28 ,,25 ,1 ,24 ,6 ,2026-QTR-07-019,One,,
Mango Fas,10-Aug,Qatar ????,Egypt,0 ,114 ,0 ,114 ,1,113 ,15 ,98 ,15 ,2026-QTR-07-019,One,,
Mango Fons,10-Aug,Qatar ????,Egypt,0 ,18 ,0 ,18 ,1,16 ,2 ,14 ,3 ,2026-QTR-07-019,One,,
Mango Hindi,10-Aug,Qatar ????,Egypt,0 ,4 ,0 ,4 ,,3 ,1 ,2 ,2 ,2026-QTR-07-019,One,,
Mango Owais,10-Aug,Qatar ????,Egypt,0 ,111 ,0 ,111 ,1,110 ,12 ,98 ,12 ,2026-QTR-07-019,One,,
Mango Sediqa ,10-Aug,Qatar ????,Egypt,0 ,8 ,(1),7 ,,7 ,,7 ,0 ,2026-QTR-07-019,One,,
Mango Timour,10-Aug,Qatar ????,Egypt,0 ,3 ,0 ,3 ,,2 ,1 ,1 ,2 ,2026-QTR-07-019,One,,
Mango White Sugar,10-Aug,Qatar ????,Egypt,0 ,12 ,0 ,12 ,1,9 ,1 ,8 ,3 ,2026-QTR-07-019,One,,
Pear Banati,10-Aug,Qatar ????,Egypt,1 ,7 ,0 ,7 ,,4 ,,4 ,4 ,2026-QTR-07-019,One,,
Cantaloupe,11-Aug,Qatar ????,Egypt,0 ,,,0 ,,,,0 ,0 ,2026-QTR-07-019,Two,,
Fig Barshomi,11-Aug,Qatar ????,Egypt,9 ,,,0 ,,7 ,1 ,6 ,3 ,2026-QTR-07-019,Two,,
Fig Shouki,11-Aug,Qatar ????,Egypt,5 ,,,0 ,,5 ,1 ,4 ,1 ,2026-QTR-07-019,Two,,
Graps red,11-Aug,Qatar ????,Egypt,0 ,,,0 ,,,,0 ,0 ,2026-QTR-07-019,Two,,
Graps Banati,11-Aug,Qatar ????,Egypt,6 ,,,0 ,,2 ,,2 ,4 ,2026-QTR-07-019,Two,,
Mango Fas,11-Aug,Qatar ????,Egypt,15 ,,,0 ,,15 ,,15 ,0 ,2026-QTR-07-019,Two,,
Mango Fons,11-Aug,Qatar ????,Egypt,3 ,,,0 ,,2 ,,2 ,1 ,2026-QTR-07-019,Two,,
Mango Hindi,11-Aug,Qatar ????,Egypt,2 ,,,0 ,,,,0 ,2 ,2026-QTR-07-019,Two,,
Mango Owais,11-Aug,Qatar ????,Egypt,12 ,,,0 ,,11 ,2 ,9 ,3 ,2026-QTR-07-019,Two,,
Mango Sediqa ,11-Aug,Qatar ????,Egypt,0 ,,,0 ,,,,0 ,0 ,2026-QTR-07-019,Two,,
Mango Timour,11-Aug,Qatar ????,Egypt,2 ,,,0 ,,1 ,1 ,0 ,2 ,2026-QTR-07-019,Two,,
Mango White Sugar,11-Aug,Qatar ????,Egypt,3 ,,,0 ,,2 ,,2 ,1 ,2026-QTR-07-019,Two,,
Pear Banati,11-Aug,Qatar ????,Egypt,4 ,,,0 ,,,,0 ,4 ,2026-QTR-07-019,Two,,
Cantaloupe,12-Aug,Qatar ????,Egypt,0 ,,,0 ,,,,0 ,0 ,2026-QTR-07-019,Three,,
Fig Barshomi,12-Aug,Qatar ????,Egypt,3 ,,,0 ,,3 ,,3 ,0 ,2026-QTR-07-019,Three,,
Fig Shouki,12-Aug,Qatar ????,Egypt,1 ,,,0 ,,1 ,,1 ,0 ,2026-QTR-07-019,Three,,
Graps red,12-Aug,Qatar ????,Egypt,0 ,,,0 ,,,,0 ,0 ,2026-QTR-07-019,Three,,
Graps Banati,12-Aug,Qatar ????,Egypt,4 ,,,0 ,,3 ,,3 ,1 ,2026-QTR-07-019,Three,,
Mango Fas,12-Aug,Qatar ????,Egypt,0 ,,,0 ,,,,0 ,0 ,2026-QTR-07-019,Three,,
Mango Fons,12-Aug,Qatar ????,Egypt,1 ,,,0 ,,1 ,,1 ,0 ,2026-QTR-07-019,Three,,
Mango Hindi,12-Aug,Qatar ????,Egypt,2 ,,,0 ,1,1 ,,1 ,0 ,2026-QTR-07-019,Three,,
Mango Owais,12-Aug,Qatar ????,Egypt,3 ,,,0 ,,3 ,,3 ,0 ,2026-QTR-07-019,Three,,
Mango Sediqa ,12-Aug,Qatar ????,Egypt,0 ,,,0 ,,,,0 ,0 ,2026-QTR-07-019,Three,,
Mango Timour,12-Aug,Qatar ????,Egypt,2 ,,,0 ,,1 ,,1 ,1 ,2026-QTR-07-019,Three,,
Mango White Sugar,12-Aug,Qatar ????,Egypt,1 ,,,0 ,,1 ,,1 ,0 ,2026-QTR-07-019,Three,,
Pear Banati,12-Aug,Qatar ????,Egypt,4 ,,,0 ,,,,0 ,4 ,2026-QTR-07-019,Three,,
Cantaloup,17-Aug,Qatar ????,Egypt,0 ,32 ,,32 ,1,32 ,5 ,27 ,4 ,2026-QTR-08-020,One,,
Fig Barshomi,17-Aug,Qatar ????,Egypt,0 ,86 ,0 ,86 ,1,82 ,16 ,66 ,19 ,2026-QTR-08-020,One,,
Fig Shouki,17-Aug,Qatar ????,Egypt,0 ,55 ,0 ,55 ,0,51 ,11 ,40 ,15 ,2026-QTR-08-020,One,,
Graps Banati,17-Aug,Qatar ????,Egypt,1 ,35 ,0 ,35 ,0,32 ,0 ,32 ,4 ,2026-QTR-08-020,One,,
Graps red,17-Aug,Qatar ????,Egypt,0 ,8 ,0 ,8 ,0,7 ,0 ,7 ,1 ,2026-QTR-08-020,One,,
Mango Fas,17-Aug,Qatar ????,Egypt,0 ,135 ,0 ,135 ,4,131 ,21 ,110 ,21 ,2026-QTR-08-020,One,,
Mango Fons,17-Aug,Qatar ????,Egypt,0 ,22 ,0 ,22 ,1,20 ,1 ,19 ,2 ,2026-QTR-08-020,One,,
Mango Hindi,17-Aug,Qatar ????,Egypt,0 ,4 ,0 ,4 ,0,4 ,0 ,4 ,0 ,2026-QTR-08-020,One,,
Mango Naomi,17-Aug,Qatar ????,Egypt,0 ,5 ,0 ,5 ,1,4 ,2 ,2 ,2 ,2026-QTR-08-020,One,,
Mango Owais,17-Aug,Qatar ????,Egypt,0 ,106 ,0 ,106 ,4,103 ,24 ,79 ,23 ,2026-QTR-08-020,One,,
Mango Sediqa ,17-Aug,Qatar ????,Egypt,0 ,10 ,0 ,10 ,0,10 ,1 ,9 ,1 ,2026-QTR-08-020,One,,
Mango Timour,17-Aug,Qatar ????,Egypt,1 ,12 ,0 ,12 ,0,13 ,4 ,9 ,4 ,2026-QTR-08-020,One,,
Mango White Sugar,17-Aug,Qatar ????,Egypt,0 ,25 ,0 ,25 ,1,24 ,4 ,20 ,4 ,2026-QTR-08-020,One,,
Mango Zebda,17-Aug,Qatar ????,Egypt,0 ,6 ,0 ,6 ,0,4 ,0 ,4 ,2 ,2026-QTR-08-020,One,,
Pear Banati,17-Aug,Qatar ????,Egypt,4 ,2 ,0 ,2 ,0,2 ,0 ,2 ,4 ,2026-QTR-08-020,One,,
Cantaloup,18-Aug,Qatar ????,Egypt,4 ,,,0 ,,4 ,2 ,2 ,2 ,2026-QTR-08-020,Two,,
Fig Barshomi,18-Aug,Qatar ????,Egypt,19 ,,,0 ,,19 ,9 ,10 ,9 ,2026-QTR-08-020,Two,,
Fig Shouki,18-Aug,Qatar ????,Egypt,15 ,,,0 ,1,5 ,4 ,1 ,13 ,2026-QTR-08-020,Two,,
Graps Banati,18-Aug,Qatar ????,Egypt,4 ,,,0 ,,3 ,1 ,2 ,2 ,2026-QTR-08-020,Two,,
Graps red,18-Aug,Qatar ????,Egypt,1 ,,,0 ,,0 ,0 ,0 ,1 ,2026-QTR-08-020,Two,,
Mango Fas,18-Aug,Qatar ????,Egypt,21 ,,,0 ,3,19 ,5 ,14 ,4 ,2026-QTR-08-020,Two,,
Mango Fons,18-Aug,Qatar ????,Egypt,2 ,,,0 ,1,2 ,7 ,(5),6 ,2026-QTR-08-020,Two,,
Mango Hindi,18-Aug,Qatar ????,Egypt,0 ,,,0 ,,0 ,0 ,0 ,0 ,2026-QTR-08-020,Two,,
Mango Naomi,18-Aug,Qatar ????,Egypt,2 ,,,0 ,,1 ,0 ,1 ,1 ,2026-QTR-08-020,Two,,
Mango Owais,18-Aug,Qatar ????,Egypt,23 ,,,0 ,2,22 ,6 ,16 ,5 ,2026-QTR-08-020,Two,,
Mango Sediqa ,18-Aug,Qatar ????,Egypt,1 ,,,0 ,,1 ,0 ,1 ,0 ,2026-QTR-08-020,Two,,
Mango Timour,18-Aug,Qatar ????,Egypt,4 ,,,0 ,1,3 ,0 ,3 ,0 ,2026-QTR-08-020,Two,,
Mango White Sugar,18-Aug,Qatar ????,Egypt,4 ,,,0 ,1,4 ,1 ,3 ,0 ,2026-QTR-08-020,Two,,
Mango Zebda,18-Aug,Qatar ????,Egypt,2 ,,,0 ,,0 ,0 ,0 ,2 ,2026-QTR-08-020,Two,,
Pear Banati,18-Aug,Qatar ????,Egypt,4 ,,,0 ,,0 ,0 ,0 ,4 ,2026-QTR-08-020,Two,,
Cantaloup,19-Aug,Qatar ????,Egypt,2 ,8 ,,8 ,,10 ,0 ,10 ,0 ,2026-QTR-08-021,One,,
Dates Barhi,19-Aug,Qatar ????,Egypt,0 ,6 ,,6 ,1,5 ,1 ,4 ,1 ,2026-QTR-08-021,One,1,
Fig Barshomi,19-Aug,Qatar ????,Egypt,9 ,61 ,,61 ,1,37 ,3 ,34 ,35 ,2026-QTR-08-021,One,1,
Fig Shouki,19-Aug,Qatar ????,Egypt,13 ,0 ,,0 ,,0 ,0 ,0 ,13 ,2026-QTR-08-021,One,,
Graps Banati,19-Aug,Qatar ????,Egypt,2 ,25 ,,25 ,,17 ,1 ,16 ,11 ,2026-QTR-08-021,One,1,
Graps red,19-Aug,Qatar ????,Egypt,1 ,0 ,,0 ,,1 ,0 ,1 ,0 ,2026-QTR-08-021,One,,
Guave Banati,19-Aug,Qatar ????,Egypt,0 ,19 ,,19 ,1,18 ,1 ,17 ,1 ,2026-QTR-08-021,One,1,
Mango Fas,19-Aug,Qatar ????,Egypt,4 ,105 ,(1),104 ,1,92 ,21 ,71 ,36 ,2026-QTR-08-021,One,1,
Mango Fons,19-Aug,Qatar ????,Egypt,6 ,6 ,,6 ,,6 ,3 ,3 ,9 ,2026-QTR-08-021,One,,
Mango Hindi,19-Aug,Qatar ????,Egypt,0 ,3 ,,3 ,,1 ,1 ,0 ,3 ,2026-QTR-08-021,One,,
Mango Naomi,19-Aug,Qatar ????,Egypt,1 ,0 ,,0 ,,0 ,0 ,0 ,1 ,2026-QTR-08-021,One,,
Mango Owais,19-Aug,Qatar ????,Egypt,5 ,74 ,1 ,75 ,1,36 ,6 ,30 ,49 ,2026-QTR-08-021,One,1,
Mango Sediqa ,19-Aug,Qatar ????,Egypt,0 ,19 ,,19 ,1,10 ,0 ,10 ,8 ,2026-QTR-08-021,One,1,
Mango Timour,19-Aug,Qatar ????,Egypt,0 ,11 ,,11 ,,7 ,5 ,2 ,9 ,2026-QTR-08-021,One,,
Mango White Sugar,19-Aug,Qatar ????,Egypt,0 ,15 ,,15 ,,10 ,0 ,10 ,5 ,2026-QTR-08-021,One,,
Mango Zebda,19-Aug,Qatar ????,Egypt,2 ,0 ,,0 ,,1 ,0 ,1 ,1 ,2026-QTR-08-021,One,,
Pear Banati,19-Aug,Qatar ????,Egypt,4 ,3 ,,3 ,,3 ,1 ,2 ,5 ,2026-QTR-08-021,One,,
Cantaloup,20-Aug,Qatar ????,Egypt,0 ,,,0 ,,,,0 ,0 ,2026-QTR-08-021,Two,,
Dates Barhi,20-Aug,Qatar ????,Egypt,1 ,,,0 ,,1 ,,1 ,0 ,2026-QTR-08-021,Two,,
Fig Barshomi,20-Aug,Qatar ????,Egypt,35 ,,,0 ,,11 ,,11 ,24 ,2026-QTR-08-021,Two,,
Fig Shouki,20-Aug,Qatar ????,Egypt,13 ,,,0 ,,,,0 ,13 ,2026-QTR-08-021,Two,,
Graps Banati,20-Aug,Qatar ????,Egypt,11 ,,,0 ,,9 ,,9 ,2 ,2026-QTR-08-021,Two,,
Graps red,20-Aug,Qatar ????,Egypt,0 ,,,0 ,,,,0 ,0 ,2026-QTR-08-021,Two,,
Guave Banati,20-Aug,Qatar ????,Egypt,1 ,,,0 ,,1 ,,1 ,0 ,2026-QTR-08-021,Two,,
Mango Fas,20-Aug,Qatar ????,Egypt,36 ,,,0 ,4,31 ,7 ,24 ,8 ,2026-QTR-08-021,Two,,
Mango Fons,20-Aug,Qatar ????,Egypt,9 ,,,0 ,,9 ,1 ,8 ,1 ,2026-QTR-08-021,Two,,
Mango Hindi,20-Aug,Qatar ????,Egypt,3 ,,,0 ,,,,0 ,3 ,2026-QTR-08-021,Two,,
Mango Naomi,20-Aug,Qatar ????,Egypt,1 ,,,0 ,,1 ,,1 ,0 ,2026-QTR-08-021,Two,,
Mango Owais,20-Aug,Qatar ????,Egypt,49 ,,,0 ,,32 ,2 ,30 ,19 ,2026-QTR-08-021,Two,,
Mango Sediqa ,20-Aug,Qatar ????,Egypt,8 ,,,0 ,,1 ,1 ,0 ,8 ,2026-QTR-08-021,Two,,
Mango Timour,20-Aug,Qatar ????,Egypt,9 ,,,0 ,,7 ,,7 ,2 ,2026-QTR-08-021,Two,,
Mango White Sugar,20-Aug,Qatar ????,Egypt,5 ,,,0 ,,3 ,,3 ,2 ,2026-QTR-08-021,Two,,
Mango Zebda,20-Aug,Qatar ????,Egypt,1 ,,,0 ,,,,0 ,1 ,2026-QTR-08-021,Two,,
Pear Banati,20-Aug,Qatar ????,Egypt,5 ,,,0 ,,,,0 ,5 ,2026-QTR-08-021,Two,,
Cantaloup,21-Aug,Qatar ????,Egypt,0 ,,,0 ,,,,0 ,0 ,2026-QTR-08-021,Three,,
Dates Barhi,21-Aug,Qatar ????,Egypt,0 ,,,0 ,,,,0 ,0 ,2026-QTR-08-021,Three,,
Fig Barshomi,21-Aug,Qatar ????,Egypt,24 ,,,0 ,2,10 ,,10 ,12 ,2026-QTR-08-021,Three,,
Fig Shouki,21-Aug,Qatar ????,Egypt,13 ,,,0 ,,,,0 ,13 ,2026-QTR-08-021,Three,,
Graps Banati,21-Aug,Qatar ????,Egypt,2 ,,,0 ,,2 ,1 ,1 ,1 ,2026-QTR-08-021,Three,,
Graps red,21-Aug,Qatar ????,Egypt,0 ,,,0 ,,,,0 ,0 ,2026-QTR-08-021,Three,,
Guave Banati,21-Aug,Qatar ????,Egypt,0 ,,,0 ,,,,0 ,0 ,2026-QTR-08-021,Three,,
Mango Fas,21-Aug,Qatar ????,Egypt,8 ,,,0 ,2,6 ,,6 ,0 ,2026-QTR-08-021,Three,,
Mango Fons,21-Aug,Qatar ????,Egypt,1 ,,,0 ,,1 ,,1 ,0 ,2026-QTR-08-021,Three,,
Mango Hindi,21-Aug,Qatar ????,Egypt,3 ,,,0 ,,,,0 ,3 ,2026-QTR-08-021,Three,,
Mango Naomi,21-Aug,Qatar ????,Egypt,0 ,,,0 ,,,,0 ,0 ,2026-QTR-08-021,Three,,
Mango Owais,21-Aug,Qatar ????,Egypt,19 ,,,0 ,1,18 ,1 ,17 ,1 ,2026-QTR-08-021,Three,,
Mango Sediqa ,21-Aug,Qatar ????,Egypt,8 ,,,0 ,,8 ,,8 ,0 ,2026-QTR-08-021,Three,,
Mango Timour,21-Aug,Qatar ????,Egypt,2 ,,,0 ,,2 ,,2 ,0 ,2026-QTR-08-021,Three,,
Mango White Sugar,21-Aug,Qatar ????,Egypt,2 ,,,0 ,,,,0 ,2 ,2026-QTR-08-021,Three,,
Mango Zebda,21-Aug,Qatar ????,Egypt,1 ,,,0 ,,1 ,,1 ,0 ,2026-QTR-08-021,Three,,
Pear Banati,21-Aug,Qatar ????,Egypt,5 ,,,0 ,,1 ,,1 ,4 ,2026-QTR-08-021,Three,,
Cantaloup,22-Aug,Qatar ????,Egypt,0 ,,,0 ,,,,0 ,0 ,2026-QTR-08-021,Four,,
Dates Barhi,22-Aug,Qatar ????,Egypt,0 ,,,0 ,,,,0 ,0 ,2026-QTR-08-021,Four,,
Fig Barshomi,22-Aug,Qatar ????,Egypt,12 ,,,0 ,1,8 ,2 ,6 ,5 ,2026-QTR-08-021,Four,,
Fig Shouki,22-Aug,Qatar ????,Egypt,13 ,,,0 ,1,2 ,1 ,1 ,11 ,2026-QTR-08-021,Four,,
Graps Banati,22-Aug,Qatar ????,Egypt,1 ,,,0 ,,,,0 ,1 ,2026-QTR-08-021,Four,,
Graps red,22-Aug,Qatar ????,Egypt,0 ,,,0 ,,,,0 ,0 ,2026-QTR-08-021,Four,,
Guave Banati,22-Aug,Qatar ????,Egypt,0 ,,,0 ,,,,0 ,0 ,2026-QTR-08-021,Four,,
Mango Fas,22-Aug,Qatar ????,Egypt,0 ,,,0 ,,,,0 ,0 ,2026-QTR-08-021,Four,,
Mango Fons,22-Aug,Qatar ????,Egypt,0 ,,,0 ,,,,0 ,0 ,2026-QTR-08-021,Four,,
Mango Hindi,22-Aug,Qatar ????,Egypt,3 ,,,0 ,1,,,0 ,2 ,2026-QTR-08-021,Four,,
Mango Naomi,22-Aug,Qatar ????,Egypt,0 ,,,0 ,,,,0 ,0 ,2026-QTR-08-021,Four,,
Mango Owais,22-Aug,Qatar ????,Egypt,1 ,,,0 ,,1 ,,1 ,0 ,2026-QTR-08-021,Four,,
Mango Sediqa ,22-Aug,Qatar ????,Egypt,0 ,,,0 ,,,,0 ,0 ,2026-QTR-08-021,Four,,
Mango Timour,22-Aug,Qatar ????,Egypt,0 ,,,0 ,,,,0 ,0 ,2026-QTR-08-021,Four,,
Mango White Sugar,22-Aug,Qatar ????,Egypt,2 ,,,0 ,,2 ,,2 ,0 ,2026-QTR-08-021,Four,,
Mango Zebda,22-Aug,Qatar ????,Egypt,0 ,,,0 ,,,,0 ,0 ,2026-QTR-08-021,Four,,
Pear Banati,22-Aug,Qatar ????,Egypt,4 ,,,0 ,,1 ,,1 ,3 ,2026-QTR-08-021,Four,,
Cantaloup,24-Aug,Qatar ????,Egypt,0 ,15 ,,15 ,,11 ,3 ,8 ,7 ,2026-QTR-08-022,One,,
Dates Barhi,24-Aug,Qatar ????,Egypt,0 ,5 ,,5 ,,4 ,,4 ,1 ,2026-QTR-08-022,One,,
Fig Barshomi,24-Aug,Qatar ????,Egypt,5 ,40 ,,40 ,1,44 ,12 ,32 ,12 ,2026-QTR-08-022,One,,
Fig Shouki,24-Aug,Qatar ????,Egypt,11 ,0 ,,0 ,,0 ,,0 ,11 ,2026-QTR-08-022,One,,
Graps Banati,24-Aug,Qatar ????,Egypt,1 ,18 ,,18 ,,15 ,4 ,11 ,8 ,2026-QTR-08-022,One,,
Graps red,24-Aug,Qatar ????,Egypt,0 ,13 ,,13 ,,7 ,1 ,6 ,7 ,2026-QTR-08-022,One,,
Guave Banati,24-Aug,Qatar ????,Egypt,0 ,38 ,,38 ,1,23 ,3 ,20 ,17 ,2026-QTR-08-022,One,,
Mango Fas,24-Aug,Qatar ????,Egypt,0 ,97 ,,97 ,1,96 ,22 ,74 ,22 ,2026-QTR-08-022,One,,
Mango Fons,24-Aug,Qatar ????,Egypt,0 ,19 ,,19 ,1,17 ,3 ,14 ,4 ,2026-QTR-08-022,One,,
Mango Hindi,24-Aug,Qatar ????,Egypt,2 ,0 ,,0 ,,0 ,,0 ,2 ,2026-QTR-08-022,One,,
Mango Naomi,24-Aug,Qatar ????,Egypt,0 ,15 ,,15 ,,7 ,1 ,6 ,9 ,2026-QTR-08-022,One,,
Mango Owais,24-Aug,Qatar ????,Egypt,0 ,43 ,,43 ,,43 ,4 ,39 ,4 ,2026-QTR-08-022,One,,
Mango Sediqa ,24-Aug,Qatar ????,Egypt,0 ,3 ,,3 ,,3 ,,3 ,0 ,2026-QTR-08-022,One,,
Mango Trio Box,24-Aug,Qatar ????,Egypt,0 ,55 ,,55 ,1,37 ,7 ,30 ,24 ,2026-QTR-08-022,One,,
Mango Timour,24-Aug,Qatar ????,Egypt,0 ,3 ,,3 ,1,2 ,1 ,1 ,1 ,2026-QTR-08-022,One,,
Mango White Sugar,24-Aug,Qatar ????,Egypt,0 ,10 ,,10 ,1,9 ,4 ,5 ,4 ,2026-QTR-08-022,One,,
Mango Zebda,24-Aug,Qatar ????,Egypt,0 ,9 ,,9 ,,6 ,,6 ,3 ,2026-QTR-08-022,One,,
Pear Banati,24-Aug,Qatar ????,Egypt,3 ,10 ,,10 ,,4 ,2 ,2 ,11 ,2026-QTR-08-022,One,,
Cantaloup,25-Aug,Qatar ????,Egypt,7 ,,,0 ,,6 ,,6 ,1 ,2026-QTR-08-022,Two,,
Dates Barhi,25-Aug,Qatar ????,Egypt,1 ,,,0 ,,,,0 ,1 ,2026-QTR-08-022,Two,,
Fig Barshomi,25-Aug,Qatar ????,Egypt,12 ,,,0 ,,11 ,,11 ,1 ,2026-QTR-08-022,Two,,
Fig Shouki,25-Aug,Qatar ????,Egypt,11 ,,,0 ,,2 ,,2 ,9 ,2026-QTR-08-022,Two,,
Graps Banati,25-Aug,Qatar ????,Egypt,8 ,,,0 ,,5 ,1 ,4 ,4 ,2026-QTR-08-022,Two,,
Graps red,25-Aug,Qatar ????,Egypt,7 ,,,0 ,,2 ,,2 ,5 ,2026-QTR-08-022,Two,,
Guave Banati,25-Aug,Qatar ????,Egypt,17 ,,,0 ,,16 ,2 ,14 ,3 ,2026-QTR-08-022,Two,,
Mango Fas,25-Aug,Qatar ????,Egypt,22 ,,,0 ,,22 ,1 ,21 ,1 ,2026-QTR-08-022,Two,,
Mango Fons,25-Aug,Qatar ????,Egypt,4 ,,,0 ,,4 ,,4 ,0 ,2026-QTR-08-022,Two,,
Mango Hindi,25-Aug,Qatar ????,Egypt,2 ,,,0 ,,1 ,,1 ,1 ,2026-QTR-08-022,Two,,
Mango Naomi,25-Aug,Qatar ????,Egypt,9 ,,,0 ,,1 ,,1 ,8 ,2026-QTR-08-022,Two,,
Mango Owais,25-Aug,Qatar ????,Egypt,4 ,,,0 ,,4 ,,4 ,0 ,2026-QTR-08-022,Two,,
Mango Sediqa ,25-Aug,Qatar ????,Egypt,0 ,,,0 ,,,,0 ,0 ,2026-QTR-08-022,Two,,
Mango Trio Box,25-Aug,Qatar ????,Egypt,24 ,,,0 ,,10 ,,10 ,14 ,2026-QTR-08-022,Two,,
Mango Timour,25-Aug,Qatar ????,Egypt,1 ,,,0 ,,1 ,1 ,0 ,1 ,2026-QTR-08-022,Two,,
Mango White Sugar,25-Aug,Qatar ????,Egypt,4 ,,,0 ,,4 ,,4 ,0 ,2026-QTR-08-022,Two,,
Mango Zebda,25-Aug,Qatar ????,Egypt,3 ,,,0 ,,1 ,,1 ,2 ,2026-QTR-08-022,Two,,
Pear Banati,25-Aug,Qatar ????,Egypt,11 ,,,0 ,,5 ,,5 ,6 ,2026-QTR-08-022,Two,,
Cantaloup,26-Aug,Qatar ????,Egypt,1 ,,,0 ,,1 ,,1 ,0 ,2026-QTR-08-022,Three,,
Dates Barhi,26-Aug,Qatar ????,Egypt,1 ,,,0 ,,,0 ,0 ,1 ,2026-QTR-08-022,Three,,
Fig Barshomi,26-Aug,Qatar ????,Egypt,1 ,,,0 ,,1 ,,1 ,0 ,2026-QTR-08-022,Three,,
Fig Shouki,26-Aug,Qatar ????,Egypt,9 ,,,0 ,1,2 ,,2 ,6 ,2026-QTR-08-022,Three,,
Graps Banati,26-Aug,Qatar ????,Egypt,4 ,,,0 ,,2 ,,2 ,2 ,2026-QTR-08-022,Three,,
Graps red,26-Aug,Qatar ????,Egypt,5 ,,,0 ,,2 ,,2 ,3 ,2026-QTR-08-022,Three,,
Guave Banati,26-Aug,Qatar ????,Egypt,3 ,,,0 ,,1 ,,1 ,2 ,2026-QTR-08-022,Three,,
Mango Fas,26-Aug,Qatar ????,Egypt,1 ,,,0 ,,,,0 ,1 ,2026-QTR-08-022,Three,,
Mango Fons,26-Aug,Qatar ????,Egypt,0 ,,,0 ,,,,0 ,0 ,2026-QTR-08-022,Three,,
Mango Hindi,26-Aug,Qatar ????,Egypt,1 ,,,0 ,,,,0 ,1 ,2026-QTR-08-022,Three,,
Mango Naomi,26-Aug,Qatar ????,Egypt,8 ,,,0 ,1,1 ,,1 ,6 ,2026-QTR-08-022,Three,,
Mango Owais,26-Aug,Qatar ????,Egypt,0 ,,,0 ,,,,0 ,0 ,2026-QTR-08-022,Three,,
Mango Sediqa ,26-Aug,Qatar ????,Egypt,0 ,,,0 ,,,,0 ,0 ,2026-QTR-08-022,Three,,
Mango Trio Box,26-Aug,Qatar ????,Egypt,14 ,,,0 ,2,6 ,,6 ,6 ,2026-QTR-08-022,Three,,
Mango Timour,26-Aug,Qatar ????,Egypt,1 ,,,0 ,1,,,0 ,0 ,2026-QTR-08-022,Three,,
Mango White Sugar,26-Aug,Qatar ????,Egypt,0 ,,,0 ,,,,0 ,0 ,2026-QTR-08-022,Three,,
Mango Zebda,26-Aug,Qatar ????,Egypt,2 ,,,0 ,1,,,0 ,1 ,2026-QTR-08-022,Three,,
Pear Banati,26-Aug,Qatar ????,Egypt,6 ,,,0 ,1,1 ,,1 ,4 ,2026-QTR-08-022,Three,,
Cantaloup,27-Aug,Qatar ????,Egypt,0 ,2 ,,2 ,1,1 ,0 ,1 ,0 ,2026-QTR-08-023,One,,
Dates Barhi,27-Aug,Qatar ????,Egypt,1 ,16 ,,16 ,,14 ,4 ,10 ,7 ,2026-QTR-08-023,One,,
Fig Barshomi,27-Aug,Qatar ????,Egypt,0 ,35 ,(6),29 ,3,26 ,4 ,22 ,4 ,2026-QTR-08-023,One,,
Fig Shouki,27-Aug,Qatar ????,Egypt,6 ,0 ,,0 ,,2 ,1 ,1 ,5 ,2026-QTR-08-023,One,,
Graps Banati,27-Aug,Qatar ????,Egypt,2 ,20 ,,20 ,1,19 ,1 ,18 ,3 ,2026-QTR-08-023,One,,
Graps red,27-Aug,Qatar ????,Egypt,3 ,7 ,,7 ,,10 ,0 ,10 ,0 ,2026-QTR-08-023,One,,
Guave Banati,27-Aug,Qatar ????,Egypt,2 ,40 ,,40 ,1,34 ,7 ,27 ,14 ,2026-QTR-08-023,One,,
Mango Fas,27-Aug,Qatar ????,Egypt,1 ,105 ,,105 ,1,103 ,7 ,96 ,9 ,2026-QTR-08-023,One,,
Mango Fons,27-Aug,Qatar ????,Egypt,0 ,9 ,,9 ,1,8 ,0 ,8 ,0 ,2026-QTR-08-023,One,,
Mango Hindi,27-Aug,Qatar ????,Egypt,1 ,0 ,,0 ,,0 ,0 ,0 ,1 ,2026-QTR-08-023,One,,
Mango Naomi,27-Aug,Qatar ????,Egypt,6 ,0 ,,0 ,,4 ,2 ,2 ,4 ,2026-QTR-08-023,One,,
Mango Owais,27-Aug,Qatar ????,Egypt,0 ,140 ,(8),132 ,2,118 ,16 ,102 ,28 ,2026-QTR-08-023,One,,
Mango Sediqa ,27-Aug,Qatar ????,Egypt,0 ,17 ,,17 ,1,15 ,0 ,15 ,1 ,2026-QTR-08-023,One,,
Mango Trio Box,27-Aug,Qatar ????,Egypt,6 ,0 ,,0 ,,7 ,1 ,6 ,0 ,2026-QTR-08-023,One,,
Mango Timour,27-Aug,Qatar ????,Egypt,0 ,15 ,,15 ,,13 ,0 ,13 ,2 ,2026-QTR-08-023,One,,
Mango White Sugar,27-Aug,Qatar ????,Egypt,0 ,1 ,,1 ,1,0 ,0 ,0 ,0 ,2026-QTR-08-023,One,,
Mango Zebda,27-Aug,Qatar ????,Egypt,1 ,0 ,,0 ,,0 ,0 ,0 ,1 ,2026-QTR-08-023,One,,
Pear Banati,27-Aug,Qatar ????,Egypt,4 ,0 ,,0 ,,3 ,0 ,3 ,1 ,2026-QTR-08-023,One,,
Cantaloup,28-Aug,Qatar ????,Egypt,0 ,,,0 ,,,,0 ,0 ,2026-QTR-08-023,Two,,
Dates Barhi,28-Aug,Qatar ????,Egypt,7 ,,,0 ,,,,0 ,7 ,2026-QTR-08-023,Two,,
Fig Barshomi,28-Aug,Qatar ????,Egypt,4 ,,,0 ,,,,0 ,4 ,2026-QTR-08-023,Two,,
Fig Shouki,28-Aug,Qatar ????,Egypt,5 ,,,0 ,,,,0 ,5 ,2026-QTR-08-023,Two,,
Graps Banati,28-Aug,Qatar ????,Egypt,3 ,,,0 ,,,,0 ,3 ,2026-QTR-08-023,Two,,
Graps red,28-Aug,Qatar ????,Egypt,0 ,,,0 ,,,,0 ,0 ,2026-QTR-08-023,Two,,
Guave Banati,28-Aug,Qatar ????,Egypt,14 ,,,0 ,,,,0 ,14 ,2026-QTR-08-023,Two,,
Mango Fas,28-Aug,Qatar ????,Egypt,9 ,,,0 ,,,,0 ,9 ,2026-QTR-08-023,Two,,
Mango Fons,28-Aug,Qatar ????,Egypt,0 ,,,0 ,,,,0 ,0 ,2026-QTR-08-023,Two,,
Mango Hindi,28-Aug,Qatar ????,Egypt,1 ,,,0 ,,,,0 ,1 ,2026-QTR-08-023,Two,,
Mango Naomi,28-Aug,Qatar ????,Egypt,4 ,,,0 ,,,,0 ,4 ,2026-QTR-08-023,Two,,
Mango Owais,28-Aug,Qatar ????,Egypt,28 ,,,0 ,,,,0 ,28 ,2026-QTR-08-023,Two,,
Mango Sediqa ,28-Aug,Qatar ????,Egypt,1 ,,,0 ,,,,0 ,1 ,2026-QTR-08-023,Two,,
Mango Trio Box,28-Aug,Qatar ????,Egypt,0 ,,,0 ,,,,0 ,0 ,2026-QTR-08-023,Two,,
Mango Timour,28-Aug,Qatar ????,Egypt,2 ,,,0 ,,,,0 ,2 ,2026-QTR-08-023,Two,,
Mango White Sugar,28-Aug,Qatar ????,Egypt,0 ,,,0 ,,,,0 ,0 ,2026-QTR-08-023,Two,,
Mango Zebda,28-Aug,Qatar ????,Egypt,1 ,,,0 ,,,,0 ,1 ,2026-QTR-08-023,Two,,
Pear Banati,28-Aug,Qatar ????,Egypt,1 ,,,0 ,,,,0 ,1 ,2026-QTR-08-023,Two,,
Cantaloup,28-Aug,Qatar ????,Egypt,0 ,,,0 ,,,,0 ,0 ,2026-QTR-08-023,Two,,
Dates Barhi,28-Aug,Qatar ????,Egypt,7 ,,,0 ,,,,0 ,7 ,2026-QTR-08-023,Two,,
Fig Barshomi,28-Aug,Qatar ????,Egypt,4 ,,,0 ,,,,0 ,4 ,2026-QTR-08-023,Two,,
Fig Shouki,28-Aug,Qatar ????,Egypt,5 ,,,0 ,,,,0 ,5 ,2026-QTR-08-023,Two,,
Graps Banati,28-Aug,Qatar ????,Egypt,3 ,,,0 ,,,,0 ,3 ,2026-QTR-08-023,Two,,
Graps red,28-Aug,Qatar ????,Egypt,0 ,,,0 ,,,,0 ,0 ,2026-QTR-08-023,Two,,
Guave Banati,28-Aug,Qatar ????,Egypt,14 ,,,0 ,,,,0 ,14 ,2026-QTR-08-023,Two,,
Mango Fas,28-Aug,Qatar ????,Egypt,9 ,,,0 ,,,,0 ,9 ,2026-QTR-08-023,Two,,
Mango Fons,28-Aug,Qatar ????,Egypt,0 ,,,0 ,,,,0 ,0 ,2026-QTR-08-023,Two,,
Mango Hindi,28-Aug,Qatar ????,Egypt,1 ,,,0 ,,,,0 ,1 ,2026-QTR-08-023,Two,,
Mango Naomi,28-Aug,Qatar ????,Egypt,4 ,,,0 ,,,,0 ,4 ,2026-QTR-08-023,Two,,
Mango Owais,28-Aug,Qatar ????,Egypt,28 ,,,0 ,,,,0 ,28 ,2026-QTR-08-023,Two,,
Mango Sediqa ,28-Aug,Qatar ????,Egypt,1 ,,,0 ,,,,0 ,1 ,2026-QTR-08-023,Two,,
Mango Trio Box,28-Aug,Qatar ????,Egypt,0 ,,,0 ,,,,0 ,0 ,2026-QTR-08-023,Two,,
Mango Timour,28-Aug,Qatar ????,Egypt,2 ,,,0 ,,,,0 ,2 ,2026-QTR-08-023,Two,,
Mango White Sugar,28-Aug,Qatar ????,Egypt,0 ,,,0 ,,,,0 ,0 ,2026-QTR-08-023,Two,,
Mango Zebda,28-Aug,Qatar ????,Egypt,1 ,,,0 ,,,,0 ,1 ,2026-QTR-08-023,Two,,
Pear Banati,28-Aug,Qatar ????,Egypt,1 ,,,0 ,,,,0 ,1 ,2026-QTR-08-023,Two,,
